Major,Course Name,Course ID,CRN,Credits,Instructor
ACC,Introduction to Accounting I,ACC 200,84263,3,R C Antal
ACC,Introduction to Accounting I,ACC 200,84264,3,R C Antal
ACC,Introduction to Accounting I,ACC 200,87266,3,R C Antal
ACC,Introduction to Accounting I,ACC 200,84266,3,J Zhou
ACC,Introduction to Accounting I,ACC 200,84267,3,J Zhou
ACC,Introduction to Accounting I,ACC 200,85296,3,K V Santaniello
ACC,Introduction to Accounting I,ACC 200,85297,3,K V Santaniello
ACC,Introduction to Accounting I,ACC 200,88601,3,A S Ramchandani
ACC,Introduction to Accounting II,ACC 210,84549,3,M C Woollen
ACC,Introduction to Accounting II,ACC 210,84550,3,M C Woollen
ACC,Introduction to Accounting II,ACC 210,84551,3,L Guan
ACC,Introduction to Accounting II,ACC 210,84552,3,L Guan
ACC,Introduction to Accounting II,ACC 210,84553,3,L Guan
ACC,Introduction to Accounting II,ACC 210,88603,3,I Yoo
ACC,Introduction to Accounting II,ACC 210,88604,3,I Yoo
ACC,Introduction to Accounting II,ACC 210,85495,3,Y Park
ACC,Introduction to Accounting II,ACC 210,86174,3,B Jung
ACC,Introduction to Accounting II,ACC 210,87503,3,B Jung
ACC,Intermediate Financial Acc IRestriction: College,ACC 321,80001,3,K V Santaniello
ACC,Intermediate Financial Acc IRestriction: College,ACC 321,80002,3,K V Santaniello
ACC,Intermediate Financial Acc IIRestriction: College,ACC 323,80003,3,M C Woollen
ACC,Intermediate Financial Acc IIRestriction: College,ACC 323,80004,3,M C Woollen
ACC,Accounting InternshipRestriction: Instructor Approval,ACC 395,81835,1-3,R W Varley
ACC,Federal Individl Income TaxatnRestriction: College,ACC 401,80005,3,R C Antal
ACC,Federal Individl Income TaxatnRestriction: College,ACC 401,87267,3,R C Antal
ACC,Accounting Information SystemsRestriction: College,ACC 409,84269,3,J Lim
ACC,Accounting Information SystemsRestriction: College,ACC 409,84268,3,J Lim
ACC,AuditingRestriction: College,ACC 418,83037,3,C M Kaiama
ACC,AuditingRestriction: College,ACC 418,81834,3,C M Kaiama
ACC,AuditingRestriction: College,ACC 418,88606,3,P H Higo
ACC,Acc Capstone: Manag-Tax-EthicsRestriction: Major,ACC 465B,87271,2,T C Pearson
ACC,Acc Capstone: Manag-Tax-EthicsRestriction: Major,ACC 465B,87272,2,T C Pearson
ACC,Acc Capstone: Fin-Audit-AISRestriction: Major,ACC 465C,87274,2,Y Park
ACC,Acc Capstone: Fin-Audit-AISRestriction: Major,ACC 465C,87275,2,Y Park
ACC,CPA-Audit and Attestation,ACC 602,83909,1,H Pourjalali
ACC,CPA-BEC,ACC 603,83908,1,H Pourjalali
ACC,CPA-FAR,ACC 604,83910,1,H Pourjalali
ACC,CPA-Regulation,ACC 605,83911,1,H Pourjalali
ACC,Info Assurance & AnalyticsRestriction: Major,ACC 619,83653,3,J Lim
ACC,Accounting & Tax ResearchRestriction: Major,ACC 625,82469,3,T C Pearson
ACC,Financial Statements Analysis,ACC 648,83907,1,M J Mitsuyasu
ACC,Analysis & Decision-MakingRestriction: Department Approval,ACC 660,80006,2,H Pourjalali
ACC,Accounting InternshipRestriction: Instructor Approval,ACC 695,82470,1-3,R W Varley
AMST,Intro American Studies Writing,AMST 111,86455,3,A A Prosi
AMST,Intro American Studies Writing,AMST 111,86456,3,A A Prosi
AMST,Intro American Studies Writing,AMST 111,87512,3,L Fisher
AMST,Intro American Studies Writing,AMST 111,87515,3,L Fisher
AMST,Intro American Studies Writing,AMST 111,88861,3,J Jung
AMST,Intro American Studies Writing,AMST 111,88862,3,J Jung
AMST,Intro American Studies Writing,AMST 111,88976,3,R R Perkinson
AMST,America and the World,AMST 150,82547,3,J A Tripp
AMST,America and the World,AMST 150,83338,3,J A Tripp
AMST,America and the World,AMST 150,82742,3,J A Tripp
AMST,America and the World,AMST 150,83339,3,J A Tripp
AMST,America and the World,AMST 150,84252,3,J A Tripp
AMST,America and the World,AMST 150,85422,3,J A Tripp
AMST,America and the World,AMST 150,85824,3,J A Tripp
AMST,American Exp: Inst & Movemnts,AMST 201,84554,3,N M Iati
AMST,American Exp: Inst & Movemnts,AMST 201,84555,3,N M Iati
AMST,Amer Exp: Culture & the Arts,AMST 202,84556,3,K G Guo
AMST,Amer Exp: Culture & the Arts,AMST 202,85437,3,K G Guo
AMST,Contemp Amer Domestic Issues,AMST 211,84557,3,J B Brody
AMST,Contemp Amer Domestic Issues,AMST 211,84558,3,J B Brody
AMST,Contemp Amer Domestic Issues,AMST 211,89410,3,D Rainey
AMST,Contemp Amer Domestic Issues,AMST 211,89411,3,D Rainey
AMST,Contemp Amer Global Issues,AMST 212,84559,3,B S Sandlin
AMST,Contemp Amer Global Issues,AMST 212,84560,3,B S Sandlin
AMST,Art and Social Change,AMST 225,88868,3,A M Crawford
AMST,Hip-Hop & American Culture,AMST 301,88870,3,B P Dawson
AMST,Japanese Americans,AMST 310,88888,3,S K Ikehara
AMST,American Environments: Survey,AMST 320,88890,3,S K Ikehara
AMST,American Design,AMST 348,85826,3,W Temple
AMST,Contemporary American Design,AMST 349,87544,3,W Temple
AMST,Screening Asian Americans,AMST 352,89178,3,R E Hong
AMST,American Cinema,AMST 360,87545,3,J K Eagle
AMST,American Cinema,AMST 360,87546,3,J K Eagle
AMST,American Cinema,AMST 360,88893,3,J K Eagle
AMST,American Cinema,AMST 360,88895,3,J K Eagle
AMST,Trans* Studies,AMST 437,86682,3,A H Ladner
AMST,Studies in American Melodrama,AMST 450,88898,3,J K Eagle
AMST,Museum Interpretations,AMST 457,87996,3,J N Burris
AMST,Sports in America,AMST 459,86613,3,A H Ladner
AMST,Preservation: Hawaii/Asia/Pac,AMST 474,82467,3,J A Tripp
AMST,Senior Capstone ProjectRestriction: Major,AMST 484,83667,3,Y Jung
AMST,Tpcs: Soc Struct & Interaction(Korean American Diaspora),AMST 490B,88899,3,Y Jung
AMST,Patterns of American Cultures,AMST 601,84349,3,L Z Mariano
AMST,Intro to Cultural Studies,AMST 613,88900,3,N Njoroge
AMST,Public History & Commemoration,AMST 635,88905,3,J N Burris
AMST,Museums and Education,AMST 685,85770,3,N M Kahanu
AMST,Museum Studies PracticumRestriction: Instructor Approval,AMST 686,80973,3,N M Kahanu
ANAT,Ind Stdy: Human Gross AnatomyRestriction: Major,ANAT 599B,86839,1,V B Alarcon
ANAT,Ind Stdy: Human Gross AnatomyRestriction: Major,ANAT 599B,86840,1,G Aytac
ANAT,Ind Stdy: HistologyRestriction: Major,ANAT 599C,85310,1,B C Fogelgren
ANAT,Ind Stdy: HistologyRestriction: Major,ANAT 599C,85311,1,T Matsui
ANAT,Ind Stdy: Rsch Anat/Dev BiolRestriction: Major,ANAT 599D,85312,1-2,V B Alarcon
ANAT,Ind Stdy: Rsch Anat/Dev BiolRestriction: Major,ANAT 599D,85313,1-2,B C Fogelgren
ANAT,Ind Stdy: Rsch Anat/Dev BiolRestriction: Major,ANAT 599D,85314,1-2,S Lozanoff
ANAT,Ind Stdy: Rsch Anat/Dev BiolRestriction: Major,ANAT 599D,85715,1-2,R W Mann
ANAT,Ind Stdy: Rsch Anat/Dev BiolRestriction: Major,ANAT 599D,85315,1-2,Y Marikawa
ANAT,Ind Stdy: Rsch Anat/Dev BiolRestriction: Major,ANAT 599D,85316,1-2,T Matsui
ANAT,Ind Stdy: Rsch Anat/Dev BiolRestriction: Major,ANAT 599D,85714,1-2,A K Maunakea
ANAT,Ind Stdy: Rsch Anat/Dev BiolRestriction: Major,ANAT 599D,85713,1-2,K J Schunke
ANAT,Ind Stdy: Rsch Anat/Dev BiolRestriction: Major,ANAT 599D,85712,1-2,J G Urschitz
ANAT,Ind Stdy: Rsch Anat/Dev BiolRestriction: Major,ANAT 599D,85318,1-2,C F Uyehara
ANAT,Ind Stdy: Rsch Anat/Dev BiolRestriction: Major,ANAT 599D,85317,1-2,W S Ward
ANAT,Ind Stdy: Rsch Anat/Dev BiolRestriction: Major,ANAT 599D,85711,1-2,Y Zhang
ANAT,"Lwr Extremity, Thorax & AbsRestriction: Major",ANAT 603,85975,3,C D Stickley
ANAT,Seminar in Anatomy TeachingRestriction: Major,ANAT 612,82434,1-4,S Lozanoff
ANAT,Seminar in Anatomy TeachingRestriction: Major,ANAT 612,82433,1-4,C D Stickley
ANSC,Princ & Pract of Animal Sci II,ANSC 201,80011,3,C C Reichhardt
ANSC,Swine Production,ANSC 432,88539,3,C C Reichhardt
ANSC,Genetics and Animal Breeding,ANSC 445,83952,3,Y He
ANSC,Physiology of Domestic Animals,ANSC 451,82002,3,B Mishra
ANSC,Animal Diseases & their Cntrl,ANSC 453,89518,3,R K Mishra
ANSC,Comparative Endocrinology,ANSC 472,88540,3,A P Seale
ANSC,Field ExperienceRestriction: Instructor Approval,ANSC 492,82546,4,B Mishra
ANSC,Seminar in Animal Science,ANSC 641,84438,1,Z Yang
ANSC,Advanced Topics in Animal Sc.Restriction: Instructor Approval,ANSC 682,88493,1-3,M S Thorne
ANSC,Advanced Topics in Animal Sc.(Topics in animal sciences (Topics in aquaculture research - directed readings))Restriction: Major,ANSC 682,89455,2,A P Seale
ANTH,Emerging Humanity,ANTH 151,81141,3,D A Cusimano
ANTH,Emerging Humanity,ANTH 151,82211,3,D A Cusimano
ANTH,Emerging Humanity,ANTH 151,82212,3,D A Cusimano
ANTH,Emerging Humanity,ANTH 151,82213,3,D A Cusimano
ANTH,Emerging Humanity,ANTH 151,82214,3,D A Cusimano
ANTH,Emerging Humanity,ANTH 151,82215,3,D A Cusimano
ANTH,Emerging Humanity,ANTH 151,89338,3,P A Broadhurst
ANTH,Emerging Humanity,ANTH 151,89337,3,R B Hoerman
ANTH,Culture and Humanity,ANTH 152,80016,3,A Golub
ANTH,Culture and Humanity,ANTH 152,82216,3,A Golub
ANTH,Culture and Humanity,ANTH 152,82217,3,A Golub
ANTH,Culture and Humanity,ANTH 152,82218,3,A Golub
ANTH,Culture and Humanity,ANTH 152,82219,3,A Golub
ANTH,Culture and Humanity,ANTH 152,82220,3,A Golub
ANTH,Culture and Humanity,ANTH 152,84270,3,G C Pigliasco
ANTH,Culture and Humanity,ANTH 152,89349,3,G C Pigliasco
ANTH,Culture and Humanity,ANTH 152,89350,3,G C Pigliasco
ANTH,Culture and Humanity,ANTH 152,89353,3,G C Pigliasco
ANTH,Culture and Humanity,ANTH 152,89348,3,G C Pigliasco
ANTH,Culture and Humanity,ANTH 152,89351,3,G C Pigliasco
ANTH,Culture and Humanity,ANTH 152,89352,3,G C Pigliasco
ANTH,Historical Ecology of Hawai'i,ANTH 204,89332,3,P V Kirch
ANTH,Archaeology,ANTH 210,84271,3,J M Bayman
ANTH,Biological Anthropology,ANTH 215,81142,3,E Agey
ANTH,Biological Anthropology Lab,ANTH 215L,81143,1,E Agey
ANTH,Biological Anthropology Lab,ANTH 215L,81144,1,E Agey
ANTH,Biological Anthropology Lab,ANTH 215L,82221,1,E Agey
ANTH,Culture and Health,ANTH 301,87207,3,R A Tjoeng
ANTH,Culture and Health,ANTH 301,88332,3,E Saethre
ANTH,Human Origins,ANTH 310,89305,3,C J Bae
ANTH,Sex and Gender,ANTH 315,89336,3,J M Brunson
ANTH,Anthropology of Tourism,ANTH 316,84272,3,G C Pigliasco
ANTH,Indigenous North America,ANTH 329,89333,3,J M Bayman
ANTH,Society and Environment,ANTH 335,86286,3,C Loh
ANTH,Primate Behavioral Ecology,ANTH 360,89325,3,E Agey
ANTH,Household Archaeology,ANTH 369,89331,3,C E Peterson
ANTH,Archaeology PracticumRestriction: Instructor Approval,ANTH 379,83044,1-3,S Moore
ANTH,Ethics in Anthropology,ANTH 410,89380,3,P A Broadhurst
ANTH,Anthropology of Sexuality,ANTH 426,87900,3,E Saethre
ANTH,Polynesian Cultures,ANTH 447,89445,3,P V Kirch
ANTH,Extinctions,ANTH 459,89322,3,C J Bae
ANTH,"Science, Sex, & Reproduction",ANTH 465,85301,3,J M Brunson
ANTH,Field Mapping,ANTH 471,87378,3,S Moore
ANTH,History of Anthropology,ANTH 490,89378,3,A Golub
ANTH,Archaeology,ANTH 603,89328,3,S Quintus
ANTH,Historic Preservation,ANTH 645,88190,3,S Collins
ANTH,Advances in Extinctions,ANTH 659,89311,3,C J Bae
ANTH,Advanced Household Archaeology,ANTH 669,89444,3,C E Peterson
ANTH,Applied Archaeology PracticumRestriction: Instructor Approval,ANTH 670,81688,3-6,S Moore
ANTH,Research Design & Proposal,ANTH 711,81657,3,M T Stark
ANTH,Rsch Sem: Ethnography,ANTH 750D,89346,3,T P Tengan
ARAB,Elem Modern Standard Arabic,ARAB 102,88734,4,A A Mirza
ARCH,Design Fdn Studio IIRestriction: Major,ARCH 102,85035,4,L C Walters
ARCH,Collab. in Environ Design,ARCH 200,82198,3,E J Peterson
ARCH,Beginning Design Studio IIRestriction: Major,ARCH 202,85036,4,E J Peterson
ARCH,Intro to Environ Systems ARestriction: Major,ARCH 220,82763,3,F E Igualt
ARCH,World Architecture & Urbnsm BRestriction: Major,ARCH 272,81355,3,L M McGuire
ARCH,Tect for EnvD: Integrated SysRestriction: Major,ARCH 330,89274,3,Y Ishida
ARCH,Intermediate Design Studio IIRestriction: Major,ARCH 342,85038,4,H Park
ARCH,Intermediate Design Studio IIRestriction: Major,ARCH 342,85039,4,M Roehrle
ARCH,Intermediate Design Studio IIRestriction: Major,ARCH 342,85040,4,J N O'Neill
ARCH,Intermediate Design Studio IIRestriction: Major,ARCH 342,87886,4,J E Karasik
ARCH,Landscape Architecture HistoryRestriction: Major,ARCH 352,83963,3,A J Kaufman
ARCH,Capstone Design StudioRestriction: Major,ARCH 418,89275,4,H Lee
ARCH,Capstone Design StudioRestriction: Major,ARCH 418,89276,4,F E Igualt
ARCH,Construction Project ManagemntRestriction: Major,ARCH 432,83159,3,A DelosReyes
ARCH,Profssnl Practice Law & EthicsRestriction: Major,ARCH 433,82199,3,T J Hassler
ARCH,Preservation: Hawaii/Asia/PacRestriction: Major,ARCH 474,82548,3,J A Tripp
ARCH,Urban Ecological Analy & DesRestriction: Major,ARCH 483,83640,3,S M Bussiere
ARCH,Plants in DesignRestriction: Major,ARCH 484,83641,3,A J Kaufman
ARCH,Special TopicsRestriction: Major,ARCH 490,83551,3,H Park
ARCH,Special TopicsRestriction: Major,ARCH 490,84402,3,B Kanisthakhon
ARCH,Special TopicsRestriction: Major,ARCH 490,83968,3,C L Ho
ARCH,Special TopicsRestriction: Major,ARCH 490,86775,3,K I Sierralta
ARCH,Special TopicsRestriction: Major,ARCH 490,89419,3,H Lee
ARCH,Special TopicsRestriction: Major,ARCH 490,89506,3,W K Meguro
ARCH,Sp Topics in Arch & WritingRestriction: Major,ARCH 496,88043,3,L M McGuire
ARCH,Historic Preservation,ARCH 645,86601,3,S Collins
ARCH,Site Design StudioRestriction: Major,ARCH 652,89278,6,E N Voss
ARCH,Health and Built EnvironmentRestriction: Major,ARCH 682,84386,3,C D Weber
ARCH,Special Topics SeminarRestriction: Major,ARCH 690,86600,3,H Park
ARCH,Special Topics SeminarRestriction: Major,ARCH 690,89434,3,B Kanisthakhon
ARCH,Special Topics SeminarRestriction: Major,ARCH 690,89435,3,C L Ho
ARCH,Special Topics SeminarRestriction: Major,ARCH 690,89436,3,K I Sierralta
ARCH,Special Topics SeminarRestriction: Major,ARCH 690,89437,3,H Lee
ARCH,Special Topics SeminarRestriction: Major,ARCH 690,89507,3,W K Meguro
ARCH,Special Topics in Land ArchRestriction: Major,ARCH 696,89279,3,E N Voss
ARCH,Asia-Pac Arch Hist & TheoryRestriction: Major,ARCH 715,88042,3,W R Chapman
ARCH,Arch Sys IIIRestriction: Major,ARCH 724,82696,3,G H Miyasato
ARCH,Arch Sys IVRestriction: Major,ARCH 725,82697,3,W K Meguro
ARCH,Research Methods SeminarRestriction: Major,ARCH 739,82698,3,W R Chapman
ARCH,Arch Studio IVRestriction: Major,ARCH 743,85041,6,C E Llewellyn
ARCH,Capstone Studio: DesignRestriction: Major,ARCH 764D,85730,6,J Stilgenbauer
ARCH,Capstone Studio: ResearchRestriction: Major,ARCH 764R,85843,3,E N Voss
ARCH,MArch Capstone Studio: DesignRestriction: Major,ARCH 783D,85732,6,Y Ishida
ARCH,MArch Capstone Studio:ResearchRestriction: Major,ARCH 783R,85733,3,L C Walters
ART,Intro Photography: BW Darkroom,ART 107B,85360,3,A D Coppings
ART,Intro Photography: BW Darkroom,ART 107B,86749,3,Y Monakhov Stockton
ART,Intro Photography: BW Darkroom,ART 107B,87902,3,K Ciurej
ART,Intro to Photography: Digital,ART 107D,86526,3,R C Connelly
ART,Intro to Photography: Digital,ART 107D,88867,3,K Ciurej
ART,Introduction to DrawingRestriction: Department Approval,ART 113,80030,3,K J Gruspe
ART,Introduction to Drawing,ART 113,80031,3,K Fong
ART,Introduction to Drawing,ART 113,80993,3,K Fong
ART,Introduction to Drawing,ART 113,86701,3,K Fong
ART,Introduction to Drawing,ART 113,88321,3,K J Gruspe
ART,Introduction to DrawingRestriction: Department Approval,ART 113,88869,3,M J Tubbs
ART,Intro to 3-D Composition,ART 116,80032,3,J A Pinto Ferreira
ART,Intro to 3-D CompositionRestriction: Department Approval,ART 116,86651,3,J A Soliven
ART,Intro to 3-D Composition,ART 116,87916,3,J A Pinto Ferreira
ART,Intro to 3-D Composition,ART 116,88324,3,M K Babcock
ART,Introduction to Glass,ART 130,80944,3,R L Mills
ART,Introduction to Glass,ART 130,86528,3,S A Koehler
ART,Survey of Global Art II,ART 176,84588,3,L Tonga
ART,Survey of Global Art II,ART 176,84589,3,L Tonga
ART,Survey of Global Art II,ART 176,84590,3,L Tonga
ART,Survey of Global Art II,ART 176,86595,3,L Tonga
ART,Survey of Global Art II,ART 176,84591,3,L Tonga
ART,Survey of Global Art II,ART 176,84592,3,L Tonga
ART,Survey of Global Art II,ART 176,86596,3,L Tonga
ART,Survey of Global Art II,ART 176,86597,3,L Tonga
ART,Survey of Global Art II,ART 176,86549,3,L Tonga
ART,Introduction to Hawaiian Art,ART 189,88918,3,M K Chun
ART,Intro to Digital Imaging,ART 202,86533,3,S D Groeniger
ART,Intermediate Drawing,ART 213,87910,3,E C McIlroy
ART,Introduction to Life Drawing,ART 214,80033,3,C T Anderson
ART,Screenprinting,ART 217,88922,3,R C Connelly
ART,Approaches to Painting,ART 223,83593,3,W A Kawabata
ART,Introduction to Ceramics,ART 242,82032,3,S S Spangler
ART,Introduction to Ceramics,ART 242,85365,3,M K Chun
ART,Introduction to Ceramics,ART 242,86649,3,TBA
ART,Introduction to Ceramics,ART 242,87909,3,A G Horner
ART,Sculpture-Metal Casting,ART 254,83879,3,J A Soliven
ART,Design: Studio I,ART 265,87921,3,P L Feducia
ART,Design: Studio I Lab,ART 265L,80034,1,J M Kanoa
ART,Design: Typography I,ART 266,82463,3,A M Bush
ART,Intro to Contemp Crit Theory,ART 302,85084,3,J E Hamilton Faris
ART,Digital Image: Pro Print,ART 304,88923,3,S D Groeniger
ART,Lost Wax Glass Casting,ART 306,88924,3,R L Mills
ART,Adv Phot Tech:Hand-Appl Emulsn,ART 308C,88925,3,Y Monakhov Stockton
ART,Advanced Drawing,ART 313,87911,3,K R Simonsen
ART,Advanced Color,ART 322,85366,3,H B Nunes
ART,Advanced Painting I,ART 323,86545,3,W A Kawabata
ART,Inter-woven Structures,ART 338,89406,3,M K Babcock
ART,Ceramics-Vessels,ART 344,85367,3,S S Spangler
ART,Technical Ceramics,ART 347,88927,3,B E Taylor
ART,Utilitarian Sculpture,ART 358,87955,3,J A Pinto Ferreira
ART,Design: Studio IIRestriction: Instructor Approval,ART 365,82718,3,C Lee
ART,Design: Studio II LabRestriction: Instructor Approval,ART 365L,85042,1,J M Kanoa
ART,Design: Typography IIRestriction: Major,ART 366,87912,3,A M Bush
ART,Later Art of Japan,ART 381,86546,3,J D Szostak
ART,Art of SE Asia: Island(Island Southeast Asia),ART 391B,88928,3,P A Lavy
ART,Grad Portfolio (BA)Restriction: Instructor Approval,ART 409,82227,0,K A Lingley
ART,BFA Capstone Seminar/StudioRestriction: Instructor Approval,ART 410,81348,3,W A Kawabata
ART,Design: Production TechniquesRestriction: Instructor Approval,ART 467,80822,3,C Lee
ART,Design: Production Tech LabRestriction: Instructor Approval,ART 467L,83091,1,J M Kanoa
ART,Design: Advanced StudioRestriction: Instructor Approval,ART 469,82195,3,C Lee
ART,High Renaissance & Mannerism,ART 470D,89364,3,S D Scotti
ART,Art Since 1945: 1945-2000,ART 474B,88001,3,H H McMahon
ART,Museum Interpretations,ART 481,89306,3,J N Burris
ART,Contemporary Art and Ecology,ART 484,88933,3,J E Hamilton Faris
ART,Mod and Contemp Art of China,ART 487,88931,3,K A Lingley
ART,Topics SE Asian AH: Thailand,ART 490C,88934,3,P A Lavy
ART,Graduate Studio Seminar in ArtRestriction: Instructor Approval,ART 611,85381,6,M K Babcock
ART,Art of Oceania,ART 677,88936,3,L Tonga
AS,Competition & Security,AS 102,83548,1,R A Muller
AS,Competition & Security,AS 102,83550,1,R A Muller
AS,Competition & Security,AS 102,88058,1,R A Muller
AS,Initial Military Training II,AS 102L,81157,1,J M Nuanes
AS,Team & Leadership Fundamentals,AS 202,82532,2,J M Nuanes
AS,Team & Leadership Fundamentals,AS 202,87636,2,J M Nuanes
AS,Team & Leadership Fundamentals,AS 202,88744,2,J M Nuanes
AS,Basic Cadet Leader II,AS 202L,81158,1,J M Nuanes
AS,Leading People & Effective Com,AS 302,83670,3,N Pyle
AS,Intermediate Cadet Leader II,AS 302L,83671,1,J M Nuanes
AS,National Sec & Prep for AD,AS 402,83549,3,T Anderson
AS,Senior Cadet Leader II,AS 402L,81159,1,J M Nuanes
ASAN,Intro to Asian Studies,ASAN 101,84459,3,A Vogeler
ASAN,Climate Change in Asia,ASAN 120,89000,3,G H Bogart
ASAN,Intro Asia Research & Writing,ASAN 150,87790,3,P E Bushell
ASAN,Intr Asian Studies: East Asia,ASAN 201,80035,3,E Harwit
ASAN,"Bollywood Dance, Music, & Film",ASAN 303,85796,3,S P Bhatawadekar
ASAN,Career Pathways Asian Studies,ASAN 305,89487,3,TBA
ASAN,Chinese Political Economy,ASAN 308,83721,3,K X Zhou
ASAN,Contemporary Asia,ASAN 312,80036,3,S Luo
ASAN,Asia Past & Present: Korea,ASAN 320K,89095,3,Y Park
ASAN,Asia Past & Present: Okinawa,ASAN 320O,82526,3,L Carlile
ASAN,Way of Tea in Jpn Hist & Cult,ASAN 323,82014,3,N K Stalker
ASAN,Chado-The Way of Tea Practicum,ASAN 324,82527,2,A O Riley
ASAN,Chado-The Way of Tea Practicum,ASAN 324,82528,2,A O Riley
ASAN,Chado-The Way of Tea Practicum,ASAN 324,87989,2,A O Riley
ASAN,Jpn Film: Art/Hist-Spec Topics,ASAN 325D,83662,3,A R Haag
ASAN,"Gen, Sex, & Korean Pop Culture",ASAN 412,88163,3,S Lee
ASAN,Resource Management in SE Asia,ASAN 413,86697,3,B Szuster
ASAN,Gender Issues in Asian Society,ASAN 463,88089,3,C Hwang
ASAN,Topics in CHN Cultural Studies,ASAN 473,88798,3,M Yue
ASAN,Perspectives on Chinese Cinema,ASAN 476,88167,3,Y Peng
ASAN,Musical Cultures: India,ASAN 478,89086,3,A M Stirr
ASAN,Approaches: Inter-Asia,ASAN 600Z,89092,3,A M Stirr
ASAN,Adv Res & Wr in Asian Studies,ASAN 601,87788,3,L Carlile
ASAN,Contemp. Asia: Probs. & Issues,ASAN 620,89078,3,TBA
ASAN,East Asia Now,ASAN 651,85458,3,E Harwit
ASAN,Conflict & Cooperation Asia,ASAN 687,87768,3,TBA
ASAN,Chinese Foreign Policy,ASAN 688,89484,3,S Luo
ASAN,MAIA CapstoneRestriction: Major,ASAN 710,85456,3,C H Clayton
ASL,Elementary ASL II,ASL 102,83953,3,G P Tomita
ASL,Elementary ASL II,ASL 102,84288,3,G P Tomita
ASL,Elementary ASL II,ASL 102,85472,3,Z Qureshi
ASL,Elementary ASL II,ASL 102,86065,3,Z Qureshi
ASL,Elementary ASL II,ASL 102,88629,3,J A Reynolds
ASL,Elementary ASL II,ASL 102,88630,3,J A Reynolds
ASL,Elementary ASL II,ASL 102,88631,3,Z Qureshi
ASL,Intermediate ASL II,ASL 202,87510,3,G P Tomita
ASL,Intermediate ASL II,ASL 202,86409,3,G P Tomita
ASL,Intermediate ASL II,ASL 202,86410,3,J A Reynolds
ASL,Intermediate ASL II,ASL 202,87511,3,Z Qureshi
ASL,Advanced ASL II,ASL 302,88632,3,J A Reynolds
ASTR,Survey of Astronomy,ASTR 110,88655,3,C Ashall
ASTR,Survey of Astronomy,ASTR 110,88654,3,J W Reep
ASTR,Survey of Astronomy,ASTR 110,80970,3,R Wainscoat
ASTR,Survey of Astronomy,ASTR 110,80045,3,X Sun
ASTR,Survey of Astronomy LaboratoryRestriction: Instructor Approval,ASTR 110L,80872,1,M A Nassir
ASTR,Survey of Astronomy Laboratory,ASTR 110L,88657,1,M A Nassir
ASTR,Voyage through the Solar Systm,ASTR 150,86011,3,P A Englert
ASTR,Intro to Astronomical ResearchRestriction: Major,ASTR 185,86326,1,J E Barnes
ASTR,Foundations of Astronomy,ASTR 210,85269,3,R Mendez
ASTR,Foundations of Astrophysics II,ASTR 242,82206,3,D Huber
ASTR,Observational Astronomy,ASTR 301,83057,3,R R Gal
ASTR,Astronomical Spectroscopy,ASTR 320,83058,3,F Bresolin
ASTR,Modern Extragalactic Astronomy,ASTR 326,88658,3,A Cowie
ASTR,Gen. Relativity & Cosmology,ASTR 470,88659,3,D M Farrah
ASTR,Senior Research Project,ASTR 494,83388,1,S R Habbal
ASTR,The Interstellar Medium,ASTR 622,88660,3,J P Williams
ASTR,Cosmology,ASTR 627,88661,3,I Szapudi
ASTR,Astronomy Seminar I(Order of Magnitude),ASTR 734,83547,2,X Sun
ASTR,"Astronomy Seminar III(Astrophysical Techniques, Part 2)Restriction: Major",ASTR 736,88665,1-3,M R Chun
ASTR,Astro-ph SeminarRestriction: Major,ASTR 790,84345,1,C C Haggerty
ASTR,Stars and Planets SeminarRestriction: Major,ASTR 792,87367,1,M C Liu
ATMO,Intro to Weather & Climate,ATMO 101,82998,3,J D Griswold
ATMO,Intro to Weather & Climate,ATMO 101,85840,3,J D Griswold
ATMO,Intro to Weather & Climate Lab,ATMO 101L,83000,1,J D Griswold
ATMO,Intro to Weather & Climate Lab,ATMO 101L,83001,1,J D Griswold
ATMO,Intro to Weather & Climate Lab,ATMO 101L,85788,1,J D Griswold
ATMO,Intro to Weather & Climate Lab,ATMO 101L,85789,1,J D Griswold
ATMO,Intro to Weather & Climate Lab,ATMO 101L,86339,1,A B Corry
ATMO,Intro to Weather & Climate Lab,ATMO 101L,86340,1,R Harrington
ATMO,Pacific Climates and Cultures,ATMO 102,83878,3,J D Griswold
ATMO,Atmospheric Physics,ATMO 302,86262,3,P Chu
ATMO,Meteor Instruments Observatns,ATMO 305,89251,3,A D Nugent
ATMO,Applied Atmospheric Dynamics,ATMO 402,83002,3,F Jin
ATMO,Meteorological Analysis Lab,ATMO 412,89252,4,S Businger
ATMO,Tropical Climate and Weather,ATMO 610,83004,3,Y Wang
ATMO,Tropical Cyclones,ATMO 614,89254,3,Y Wang
ATMO,General Circul. of Atmosphere,ATMO 708,89257,3,H Sun
ATMO,Seminar in Meteorology,ATMO 765,83022,1,Y Chen
BE,Mass and Energy Balances,BE 260,81495,3,W Su
BE,Transport Phenomena,BE 373,89516,3,K A Marcelino
BE,Engineering EconomicsRestriction: Major,BE 405,83883,3,R J Kurasaki
BE,Food Engineering,BE 411,82023,3,S Jun
BE,AI for Bioprocesses,BE 447,87561,3,G W Roell
BE,Senior Engineering Design II,BE 482,85071,3,R J Kurasaki
BIOC,Basic Biochemistry,BIOC 441,81167,4,W S Ward
BIOL,Biology & Society,BIOL 101,80071,3,G J Wong
BIOL,Introduction to Biology I,BIOL 171,82513,3,J Walguarnery
BIOL,Intro to Biology I Lab,BIOL 171L,84046,1,J Walguarnery
BIOL,Intro to Biology I Lab,BIOL 171L,84047,1,J Walguarnery
BIOL,Intro to Biology I Lab,BIOL 171L,84048,1,J Walguarnery
BIOL,Intro to Biology I Lab,BIOL 171L,84049,1,J Walguarnery
BIOL,Intro to Biology I Lab,BIOL 171L,84050,1,J Walguarnery
BIOL,Intro to Biology I Lab,BIOL 171L,84051,1,J Walguarnery
BIOL,Intro to Biology I Lab,BIOL 171L,84052,1,J Walguarnery
BIOL,Intro to Biology I Lab,BIOL 171L,84284,1,J Walguarnery
BIOL,Intro to Biology I Lab,BIOL 171L,84053,1,J Walguarnery
BIOL,Intro to Biology I Lab,BIOL 171L,84054,1,J Walguarnery
BIOL,Intro to Biology I Lab,BIOL 171L,84055,1,J Walguarnery
BIOL,Intro to Biology I Lab,BIOL 171L,84056,1,J Walguarnery
BIOL,Intro to Biology I Lab,BIOL 171L,84057,1,J Walguarnery
BIOL,Intro to Biology I Lab,BIOL 171L,84058,1,J Walguarnery
BIOL,Intro to Biology I Lab,BIOL 171L,85992,1,J Walguarnery
BIOL,Intro to Biology I Lab,BIOL 171L,86012,1,J Walguarnery
BIOL,Intro to Biology I Lab,BIOL 171L,89129,1,J Walguarnery
BIOL,Intro to Biology I Lab,BIOL 171L,89383,1,J Walguarnery
BIOL,Introduction to Biology II,BIOL 172,81349,3,TBA
BIOL,Intro to Biology II Lab,BIOL 172L,83990,1,C Daehler
BIOL,Intro to Biology II Lab,BIOL 172L,83991,1,C Daehler
BIOL,Intro to Biology II LabRestriction: Honors Program Approval,BIOL 172L,80078,1,C Daehler
BIOL,Intro to Biology II Lab,BIOL 172L,80084,1,C Daehler
BIOL,Intro to Biology II Lab,BIOL 172L,80079,1,C Daehler
BIOL,Intro to Biology II Lab,BIOL 172L,83424,1,C Daehler
BIOL,Intro to Biology II Lab,BIOL 172L,80081,1,C Daehler
BIOL,Intro to Biology II Lab,BIOL 172L,80082,1,C Daehler
BIOL,Intro to Biology II Lab,BIOL 172L,80083,1,C Daehler
BIOL,Intro to Biology II Lab,BIOL 172L,81509,1,C Daehler
BIOL,Intro to Biology II Lab,BIOL 172L,81510,1,C Daehler
BIOL,Intro to Biology II Lab,BIOL 172L,81511,1,C Daehler
BIOL,Intro to Biology II Lab,BIOL 172L,81823,1,C Daehler
BIOL,Intro to Biology II Lab,BIOL 172L,81824,1,C Daehler
BIOL,Intro to Biology II Lab,BIOL 172L,80076,1,C Daehler
BIOL,Intro to Biology II Lab,BIOL 172L,80077,1,C Daehler
BIOL,Intro to Biology II Lab,BIOL 172L,80074,1,C Daehler
BIOL,Intro to Biology II Lab,BIOL 172L,80075,1,C Daehler
BIOL,Intro to Biology II Lab,BIOL 172L,80080,1,C Daehler
BIOL,Intro to Biology II Lab,BIOL 172L,80085,1,C Daehler
BIOL,Intro to Biology II Lab,BIOL 172L,88649,1,C Daehler
BIOL,Intro to Biology II Lab,BIOL 172L,88650,1,C Daehler
BIOL,Intro to Biology II Lab(SEA-PHAGES)Restriction: Instructor Approval,BIOL 172L,85631,1,M L Porter
BIOL,Biostatistics,BIOL 220,85645,4,R M Carrillo
BIOL,Biostatistics,BIOL 220,85646,4,R M Carrillo
BIOL,Biostatistics,BIOL 220,85647,4,R M Carrillo
BIOL,Biostatistics,BIOL 220,86621,4,R M Carrillo
BIOL,Biostatistics,BIOL 220,86765,4,R M Carrillo
BIOL,Biostatistics,BIOL 220,88296,4,R M Carrillo
BIOL,Biostatistics,BIOL 220,88640,4,R M Carrillo
BIOL,Cell and Molecular Biology,BIOL 275,85612,3,H C Shen
BIOL,Cell and Molecular Biology,BIOL 275,85613,3,H C Shen
BIOL,Cell and Molecular Biology,BIOL 275,85615,3,H C Shen
BIOL,Cell and Molecular Biology,BIOL 275,85617,3,H C Shen
BIOL,Cell and Molecular Biology,BIOL 275,85619,3,H C Shen
BIOL,Cell and Molecular Biology,BIOL 275,85620,3,H C Shen
BIOL,Cell and Molecular Biology,BIOL 275,85621,3,H C Shen
BIOL,Cell and Molecular Biology,BIOL 275,85622,3,H C Shen
BIOL,Cell and Molecular Biology,BIOL 275,86760,3,H C Shen
BIOL,Cell and Molecular Biology,BIOL 275,88641,3,H C Shen
BIOL,Cell and Molecular Biology,BIOL 275,89097,3,H C Shen
BIOL,Cell and Molecular Biology Lab,BIOL 275L,85589,2,M Yoshizawa
BIOL,Cell and Molecular Biology Lab,BIOL 275L,85591,2,M Yoshizawa
BIOL,Cell and Molecular Biology Lab,BIOL 275L,85594,2,M Yoshizawa
BIOL,Cell and Molecular Biology Lab,BIOL 275L,85938,2,M Yoshizawa
BIOL,Cell and Molecular Biology Lab,BIOL 275L,85596,2,M Yoshizawa
BIOL,Cell and Molecular Biology Lab,BIOL 275L,85597,2,M Yoshizawa
BIOL,Cell and Molecular Biology Lab,BIOL 275L,85599,2,M Yoshizawa
BIOL,Cell and Molecular Biology Lab,BIOL 275L,85939,2,M Yoshizawa
BIOL,Cell and Molecular Biology Lab,BIOL 275L,85600,2,M Yoshizawa
BIOL,Cell and Molecular Biology Lab,BIOL 275L,85601,2,M Yoshizawa
BIOL,Cell and Molecular Biology Lab,BIOL 275L,88263,2,M Yoshizawa
BIOL,Cell and Molecular Biology Lab,BIOL 275L,88677,2,M Yoshizawa
BIOL,Marine Ecol and EvolRestriction: Major,BIOL 301,82287,3,L M Munger
BIOL,Marine Ecol and Evol LabRestriction: Major,BIOL 301L,80841,2,L M Munger
BIOL,Marine Ecol and Evol LabRestriction: Major,BIOL 301L,80842,2,L M Munger
BIOL,Marine Ecol and Evol LabRestriction: Major,BIOL 301L,80946,2,L M Munger
BIOL,Marine Ecol and Evol LabRestriction: Major,BIOL 301L,82591,2,L M Munger
BIOL,Marine Ecol and Evol LabRestriction: Major,BIOL 301L,85604,2,L M Munger
BIOL,Marine Ecol and Evol LabRestriction: Major,BIOL 301L,88245,2,L M Munger
BIOL,Ecology,BIOL 305,83675,3,A N Wright
BIOL,Marine Mammal Biology,BIOL 331,87523,3,L M Munger
BIOL,Sex Diffs in the Life Cycle,BIOL 350,81644,3,L M Vallin
BIOL,Sex Diffs in the Life Cycle,BIOL 350,83666,3,L M Vallin
BIOL,Sex Diffs in the Life Cycle,BIOL 350,86684,3,L M Vallin
BIOL,Genetics,BIOL 375,83867,3,F A Reed
BIOL,Genetics,BIOL 375,87534,3,F A Reed
BIOL,Genetics,BIOL 375,87535,3,F A Reed
BIOL,Genetics,BIOL 375,87536,3,F A Reed
BIOL,Genetics,BIOL 375,87537,3,F A Reed
BIOL,Genetics,BIOL 375,87538,3,F A Reed
BIOL,Genetics,BIOL 375,87539,3,F A Reed
BIOL,Genetics Laboratory,BIOL 375L,83868,2,F A Reed
BIOL,Genetics Laboratory,BIOL 375L,83869,2,F A Reed
BIOL,Genetics Laboratory,BIOL 375L,83870,2,F A Reed
BIOL,Genetics Laboratory,BIOL 375L,83871,2,F A Reed
BIOL,Genetics Laboratory,BIOL 375L,83872,2,F A Reed
BIOL,Genetics Laboratory,BIOL 375L,83873,2,F A Reed
BIOL,Genetics Laboratory,BIOL 375L,83874,2,F A Reed
BIOL,Genetics Laboratory,BIOL 375L,83875,2,F A Reed
BIOL,Teaching Internship: GeneralRestriction: Instructor Approval,BIOL 395B,86869,2,C Daehler
BIOL,Teaching Internship: GeneralRestriction: Instructor Approval,BIOL 395B,86900,2,J Walguarnery
BIOL,Teaching Internship: GeneralRestriction: Instructor Approval,BIOL 395B,88371,2,F A Reed
BIOL,Teaching Internship: OralRestriction: Instructor Approval,BIOL 395C,85504,2,M Yoshizawa
BIOL,Teaching Internship: OralRestriction: Instructor Approval,BIOL 395C,85816,2,H C Shen
BIOL,Teaching Internship: OralRestriction: Instructor Approval,BIOL 395C,86686,2,C Daehler
BIOL,Teaching Internship: OralRestriction: Instructor Approval,BIOL 395C,88482,2,J Bingham
BIOL,Ocean Internships and ResearchRestriction: Instructor Approval,BIOL 400,85635,1-12,J K Philippoff
BIOL,Molecular Biotechnology,BIOL 401,80086,3,Z Du
BIOL,Molecular Biotech L - CRISPR,BIOL 401L,85488,2,Z Du
BIOL,Principles of Biochemistry,BIOL 402,81350,4,J Bingham
BIOL,Principles of Biochemistry,BIOL 402,84408,4,J Bingham
BIOL,Adv Topics in Marine BiologyRestriction: Major,BIOL 404,81351,3,L M Munger
BIOL,Adv Topics in Marine BiologyRestriction: Major,BIOL 404,86176,3,J McDevitt-Irwin
BIOL,Molecular Cell Biology II,BIOL 408,81943,3,R M Carrillo
BIOL,Corals and Coral Reefs,BIOL 411,84237,3,TBA
BIOL,The Biology of Fungi,BIOL 430,88711,3,A S Amend
BIOL,The Biology of Fungi Lab,BIOL 430L,88713,1,A S Amend
BIOL,Natural Hist of Hawn Islands,BIOL 454,84327,3,M L Knope
BIOL,Natural Hist of Hawn Islands,BIOL 454,86638,3,R C Thomson
BIOL,Natural Hist of Hawn Islands,BIOL 454,89402,3,C Daehler
BIOL,Fish Diversity,BIOL 465,88031,3,M A Hixon
BIOL,Fish Diversity Laboratory,BIOL 465L,88032,1,M A Hixon
BIOL,Fish Diversity Laboratory,BIOL 465L,88034,1,M A Hixon
BIOL,Evolutionary Biology,BIOL 470,84344,3,R A Chong
BIOL,Biology of CancerRestriction: Major,BIOL 472,83417,3,H C Shen
BIOL,Cancer Research LaboratoryRestriction: Instructor Approval,BIOL 472L,87555,2,H C Shen
BIOL,Bioinformatics,BIOL 483,81526,3,G G Presting
BIOL,Biology of the Invertebrates,BIOL 485,84341,3,TBA
BIOL,Biology of Invertebrates Lab,BIOL 485L,84342,2,TBA
BIOL,Biology of Invertebrates Lab,BIOL 485L,84343,2,TBA
BIOL,Biology of Invertebrates Lab,BIOL 485L,85609,2,TBA
BIOL,Biology of Invertebrates Lab,BIOL 485L,84418,2,TBA
BIOL,Life Sciences ColloquiumRestriction: Major,BIOL 601,86423,1,M A Burgman
BIOM,Translational Rsrch Methods,BIOM 644,88760,2,B L Rodriguez
BLAW,Legal Environment of Business,BLAW 200,80089,3,T J Messinger
BLAW,Legal Environment of Business,BLAW 200,80091,3,T J Messinger
BLAW,Legal Environment of BusinessRestriction: Department Approval,BLAW 200,80092,3,T J Messinger
BLAW,Legal Environment of Business,BLAW 200,86358,3,J S Zoto
BOT,General Botany,BOT 101,80093,3,G J Wong
BOT,General Botany Laboratory,BOT 101L,80094,1,G J Wong
BOT,General Botany Laboratory,BOT 101L,80096,1,G J Wong
BOT,Senior SeminarRestriction: Major,BOT 400,83066,1,C Daehler
BOT,Plant Form and Function,BOT 420,87508,4,K E Barton
BOT,The Biology of Fungi,BOT 430,88715,3,A S Amend
BOT,The Biology of Fungi Lab,BOT 430L,88716,1,A S Amend
BOT,Algal Diversity and Evolution,BOT 480,84593,4,C Smith
BOT,Algal Diversity and Evolution,BOT 480,84594,4,C Smith
BOT,Algal Diversity and Evolution,BOT 480,84595,4,C Smith
BOT,Algal Diversity and Evolution,BOT 480,85633,4,C Smith
BOT,Botanical Seminar,BOT 610,81347,1,D Christopher
BOT,Advanced Botanical ProblemsRestriction: Major,BOT 612,87992,2-4,K E Barton
BOT,High Throughput Sequencing,BOT 662,87978,3,M C Medeiros
BOT,Conservation Biology,BOT 690,88946,3,J B Koch
BOT,Topics in Conservation Biology,BOT 750,88195,2,M A Burgman
BUS,Written Com in Business,BUS 209,80105,3,TBA
BUS,Written Com in Business,BUS 209,88745,3,TBA
BUS,Written Com in Business,BUS 209,81378,3,TBA
BUS,Written Com in Business,BUS 209,80106,3,TBA
BUS,Written Com in Business,BUS 209,80107,3,TBA
BUS,Written Com in Business,BUS 209,82196,3,TBA
BUS,Written Com in Business,BUS 209,86194,3,TBA
BUS,Written Com in Business,BUS 209,86195,3,TBA
BUS,Applied Math in Business,BUS 250,84358,3,S C Lee
BUS,Applied Math in Business,BUS 250,85420,3,W P Lucas
BUS,Applied Math in Business,BUS 250,85477,3,W P Lucas
BUS,Applied Math in Business,BUS 250,85478,3,S Zheng
BUS,Stat Analysis for Bus DecisionRestriction: College,BUS 310,80109,3,Q Lam
BUS,Stat Analysis for Bus DecisionRestriction: College,BUS 310,82705,3,R A Hanna
BUS,Stat Analysis for Bus DecisionRestriction: College,BUS 310,80108,3,C Y Jeong
BUS,Stat Analysis for Bus DecisionRestriction: College,BUS 310,83912,3,Q Lam
BUS,Stat Analysis for Bus DecisionRestriction: College,BUS 310,80110,3,E Merc
BUS,Stat Analysis for Bus DecisionRestriction: College,BUS 310,83496,3,A L Rivera
BUS,Stat Analysis for Bus DecisionRestriction: College,BUS 310,88259,3,R A Hanna
BUS,Info Sys for Global Bus EnviroRestriction: College,BUS 311,80112,3,H Chen
BUS,Info Sys for Global Bus EnviroRestriction: College,BUS 311,80113,3,A L Rivera
BUS,Info Sys for Global Bus EnviroRestriction: College,BUS 311,80114,3,E Merc
BUS,Info Sys for Global Bus EnviroRestriction: College,BUS 311,80835,3,R Kazman
BUS,Info Sys for Global Bus EnviroRestriction: College,BUS 311,84249,3,T Phuaphanthong
BUS,Info Sys for Global Bus EnviroRestriction: College,BUS 311,80111,3,E Merc
BUS,Info Sys for Global Bus EnviroRestriction: College,BUS 311,83495,3,B T Everson
BUS,Info Sys for Global Bus EnviroRestriction: College,BUS 311,85385,3,T Phuaphanthong
BUS,Info Sys for Global Bus EnviroRestriction: College,BUS 311,87569,3,A L Rivera
BUS,Principles of MarketingRestriction: College,BUS 312,82466,3,TBA
BUS,Principles of MarketingRestriction: College,BUS 312,80116,3,TBA
BUS,Principles of MarketingRestriction: College,BUS 312,82465,3,TBA
BUS,Principles of MarketingRestriction: College,BUS 312,80115,3,A P Palia
BUS,Principles of MarketingRestriction: College,BUS 312,81379,3,A P Palia
BUS,Principles of MarketingRestriction: College,BUS 312,81380,3,L L Zhu
BUS,Principles of MarketingRestriction: College,BUS 312,80117,3,TBA
BUS,Principles of MarketingRestriction: College,BUS 312,85361,3,L L Zhu
BUS,Principles of MarketingRestriction: College,BUS 312,88746,3,TBA
BUS,Principles of MarketingRestriction: College,BUS 312,89450,3,TBA
BUS,Econ & Fin Envir of Global BusRestriction: College,BUS 313,83036,3,A W Stauffer
BUS,Econ & Fin Envir of Global BusRestriction: College,BUS 313,81800,3,A W Stauffer
BUS,Econ & Fin Envir of Global BusRestriction: College,BUS 313,82740,3,L B Schiff
BUS,Econ & Fin Envir of Global BusRestriction: College,BUS 313,83117,3,G A Gillis
BUS,Econ & Fin Envir of Global BusRestriction: College,BUS 313,83461,3,G A Gillis
BUS,Econ & Fin Envir of Global BusRestriction: College,BUS 313,86315,3,M Khan
BUS,Business FinanceRestriction: College,BUS 314,80119,3,P H Villarreal
BUS,Business FinanceRestriction: College,BUS 314,80118,3,E L Mais
BUS,Business FinanceRestriction: College,BUS 314,83034,3,H Chen
BUS,Business FinanceRestriction: College,BUS 314,81957,3,A W Stauffer
BUS,Business FinanceRestriction: College,BUS 314,81801,3,F Zhou
BUS,Business FinanceRestriction: College,BUS 314,86306,3,J Kim
BUS,Business FinanceRestriction: College,BUS 314,89509,3,G Rhee
BUS,Global Mgt & Orgnztnl BehaviorRestriction: College,BUS 315,82018,3,M Ognjanovic
BUS,Global Mgt & Orgnztnl BehaviorRestriction: College,BUS 315,82015,3,N K Lagmay
BUS,Global Mgt & Orgnztnl BehaviorRestriction: College,BUS 315,82016,3,M Houshmand
BUS,Global Mgt & Orgnztnl BehaviorRestriction: College,BUS 315,82017,3,TBA
BUS,Global Mgt & Orgnztnl BehaviorRestriction: College,BUS 315,83949,3,T A Kreps
BUS,Global Mgt & Orgnztnl BehaviorRestriction: College,BUS 315,82194,3,L B Schiff
BUS,Global Mgt & Orgnztnl BehaviorRestriction: College,BUS 315,88642,3,T A Kreps
BUS,Strategic ManagementRestriction: Department Approval,BUS 345,82019,3,R R Nicholas
BUS,Strategic ManagementRestriction: Department Approval,BUS 345,80120,3,R R Nicholas
BUS,Strategic ManagementRestriction: Department Approval,BUS 345,80122,3,T Chen
BUS,Strategic ManagementRestriction: Department Approval,BUS 345,80121,3,T Chen
BUS,Strategic ManagementRestriction: Department Approval,BUS 345,81406,3,T Chen
BUS,Strategic ManagementRestriction: Department Approval,BUS 345,81407,3,R Doktor
BUS,Strategic ManagementRestriction: Department Approval,BUS 345,83160,3,R Doktor
BUS,Strategic ManagementRestriction: Department Approval,BUS 345,82468,3,S Kenworthy
BUS,Strategic ManagementRestriction: Department Approval,BUS 345,85958,3,C A Parker
BUS,Strategic ManagementRestriction: Department Approval,BUS 345,88144,3,C A Parker
BUS,Strategic ManagementRestriction: Department Approval,BUS 345,88643,3,E A Hudson
BUS,Strategic ManagementRestriction: Department Approval,BUS 345,88644,3,S T Dunn
BUS,MIS InternshipRestriction: Instructor Approval,BUS 395D,84403,1-3,R W Varley
BUS,Internship in FinanceRestriction: Instructor Approval,BUS 395F,84404,1-3,R W Varley
BUS,Management InternshipRestriction: Instructor Approval,BUS 395G,84405,1-3,R W Varley
BUS,Intl Business InternshipRestriction: Instructor Approval,BUS 395I,84406,1-3,R W Varley
BUS,Marketing InternshipRestriction: Instructor Approval,BUS 395K,82477,1-3,R W Varley
BUS,Internship-Human Resource MgtRestriction: Instructor Approval,BUS 395M,82478,1-3,R W Varley
BUS,Internship in Real EstateRestriction: Instructor Approval,BUS 395R,82479,1-3,R W Varley
BUS,Sustainable Business Mgmt,BUS 618,88758,3,D L Alden
BUS,Marketing ManagementRestriction: Major,BUS 623,83654,3,K C Holden
BUS,Digital Transformation with ITRestriction: Major,BUS 625,83655,3,A L Rivera
BUS,Managerial FinanceRestriction: Major,BUS 629,81381,3,E L Mais
BUS,Business Policy & StrategyRestriction: Department Approval,BUS 632,82031,3,K Ito
BUS,InternshipsRestriction: Instructor Approval,BUS 695,82471,1-3,R W Varley
BUS,MBA Consulting PracticumRestriction: Department Approval,BUS 696,81958,3,D Yoon
BUS,Research Seminar in BusinessRestriction: Major,BUS 705,84413,1-3,J Ai
CAAM,Mindfulness,CAAM 401,88776,1,A C Brown
CAM,Introductory Khmer II,CAM 102,88777,4,C Sak-Humphry
CAM,Conversing in Khmer I,CAM 103,85832,3,C Sak-Humphry
CAM,Conversing in Khmer II,CAM 104,85761,3,C Sak-Humphry
CAM,Reading/Writing in Khmer I,CAM 105,85831,3,C Sak-Humphry
CAM,Reading/Writing in Khmer II,CAM 106,85431,3,C Sak-Humphry
CAM,Advanced Khmer II,CAM 302,88775,3,C Sak-Humphry
CEE,Surveying/Geodesy/GeomaticsRestriction: Major,CEE 220,87881,3,A Agha Karimi
CEE,Surveying/Geodesy/GeomaticsRestriction: Major,CEE 220,88210,3,A Agha Karimi
CEE,CAD/BIM/3D VisualizationRestriction: Major,CEE 250,86527,3,J B Huynh
CEE,Applied Mechanics IRestriction: Major,CEE 270,87865,3,G Zhang
CEE,Applied Probability/StatisticsRestriction: Major,CEE 305,82233,3,L Shen
CEE,Fluid Mechanics FundamentalsRestriction: Major,CEE 320,85745,4,H Park
CEE,Fluid Mechanics FundamentalsRestriction: Major,CEE 320,80830,4,H Park
CEE,Environmental EngineeringRestriction: Major,CEE 330,80829,4,J Kim
CEE,Environmental EngineeringRestriction: Major,CEE 330,81693,4,J Kim
CEE,Geotechnical Engineering IRestriction: Major,CEE 355,83041,4,M K Talagi
CEE,Geotechnical Engineering IRestriction: Major,CEE 355,80831,4,M K Talagi
CEE,Geotechnical Engineering IRestriction: Major,CEE 355,88271,4,M K Talagi
CEE,Fundamentals of TransportationRestriction: Major,CEE 361,80832,3,A Archilla
CEE,Mechanics of SolidsRestriction: Major,CEE 370,80833,3,J Wang
CEE,Mechanics of Solids LabRestriction: Major,CEE 370L,80873,1,J Wang
CEE,Mechanics of Solids LabRestriction: Major,CEE 370L,80874,1,J Wang
CEE,Construction MaterialsRestriction: Major,CEE 375,80137,3,L Shen
CEE,Construction MaterialsRestriction: Major,CEE 375,80138,3,L Shen
CEE,Structural AnalysisRestriction: Major,CEE 381,80139,3,TBA
CEE,Engineering EconomicsRestriction: Major,CEE 405,83929,3,R J Kurasaki
CEE,Engineering HydraulicsRestriction: Major,CEE 421,80140,3,S Bateni
CEE,Geotechnical Engineering IIRestriction: Major,CEE 455,80834,3,O Paiva Magalhaes Vitali
CEE,Traffic EngineeringRestriction: Major,CEE 462,86532,3,G Zhang
CEE,Construction Project ManagemntRestriction: Major,CEE 472,88133,3,TBA
CEE,Construction Equipmnt & MethodRestriction: Major,CEE 473,85747,3,TBA
CEE,Construction Plang & SchedulgRestriction: Major,CEE 476,85890,3,V Dharmapalan
CEE,Construction SafetyRestriction: Major,CEE 478,85760,3,TBA
CEE,Construction LawRestriction: Major,CEE 479,85769,3,S I Batterman
CEE,Structural LoadsRestriction: Major,CEE 484,85086,3,M S Alam
CEE,Structural Steel DesignRestriction: Major,CEE 486,81546,3,C Cho
CEE,Senior Design ProjectRestriction: Major,CEE 490,80141,3,R B Chen
CEE,Senior Design ProjectRestriction: Major,CEE 490,83428,3,R B Chen
CEE,Senior Design ProjectRestriction: Major,CEE 490,83429,3,R B Chen
CEE,Special Topics in CEE(CAD Applications in Civil Engineering)Restriction: Major,CEE 491,89393,3,J B Huynh
CEE,Machine Learning in CEE,CEE 610,89301,3,J Lee
CEE,Environmental ChemistryRestriction: Major,CEE 635,87874,3,J Kim
CEE,Deep FoundationsRestriction: Major,CEE 651,88827,3,P Ooi
CEE,Continuum Mechanics,CEE 671,86696,3,J Brown
CEE,Selected Topics in Civil Engr(Tunnel Mechanics and Design Methods: Soil–Structure Interaction and Numerical Modeling)Restriction: Major,CEE 696,86816,3,O Paiva Magalhaes Vitali
CEE,Selected Topics in Civil EngrRestriction: Major,CEE 696,87876,3,C Cho
CEE,Selected Topics in Civil Engr(Modeling of Biological Treatment Processes)Restriction: Instructor Approval,CEE 696,85820,3,Z Wang
CEE,Selected Topics in Civil EngrRestriction: Major,CEE 696,87974,3,J C Bantis
CEE,Selected Topics in Civil EngrRestriction: Major,CEE 696,87997,3,M S Alam
CEE,Selected Topics in Civil Engr(Inverse Modeling and Data Assimilation)Restriction: Major,CEE 696,89521,3,J Lee
CHAM,Elementary Chamorro,CHAM 102,88736,4,B M Songsong
CHEM,Chemistry and Society,CHEM 100,84399,3,TBA
CHEM,Prep. for Gen. Chemistry,CHEM 131,82204,3,TBA
CHEM,General Chemistry I,CHEM 161,80147,3,A Delorme
CHEM,General Chemistry I,CHEM 161,82007,3,A Delorme
CHEM,General Chemistry Lab I,CHEM 161L,87616,1,A Delorme
CHEM,General Chemistry Lab I,CHEM 161L,80148,1,A Delorme
CHEM,General Chemistry Lab I,CHEM 161L,80149,1,A Delorme
CHEM,General Chemistry Lab I,CHEM 161L,87617,1,A Delorme
CHEM,General Chemistry Lab I,CHEM 161L,81725,1,A Delorme
CHEM,General Chemistry Lab I,CHEM 161L,82245,1,A Delorme
CHEM,General Chemistry Lab I,CHEM 161L,82008,1,A Delorme
CHEM,General Chemistry Lab I,CHEM 161L,82563,1,A Delorme
CHEM,General Chemistry Lab I,CHEM 161L,87620,1,A Delorme
CHEM,General Chemistry Lab I,CHEM 161L,80150,1,A Delorme
CHEM,General Chemistry Lab I,CHEM 161L,87621,1,A Delorme
CHEM,General Chemistry Lab I,CHEM 161L,80151,1,A Delorme
CHEM,General Chemistry Lab I,CHEM 161L,80152,1,A Delorme
CHEM,General Chemistry Lab I,CHEM 161L,87622,1,A Delorme
CHEM,General Chemistry Lab I,CHEM 161L,87625,1,A Delorme
CHEM,General Chemistry Lab I,CHEM 161L,82246,1,A Delorme
CHEM,General Chemistry Lab I,CHEM 161L,88450,1,A Delorme
CHEM,General Chemistry Lab I,CHEM 161L,88451,1,A Delorme
CHEM,General Chemistry Lab I,CHEM 161L,88452,1,A Delorme
CHEM,General Chemistry Lab I,CHEM 161L,88575,1,A Delorme
CHEM,General Chemistry Lab I,CHEM 161L,88576,1,A Delorme
CHEM,General Chemistry II,CHEM 162,85271,3,TBA
CHEM,General Chemistry II,CHEM 162,83672,3,TBA
CHEM,General Chemistry Lab II,CHEM 162L,80153,1,K K Kumashiro
CHEM,General Chemistry Lab II,CHEM 162L,80161,1,K K Kumashiro
CHEM,General Chemistry Lab II,CHEM 162L,82010,1,K K Kumashiro
CHEM,General Chemistry Lab II,CHEM 162L,80154,1,K K Kumashiro
CHEM,General Chemistry Lab II,CHEM 162L,80155,1,K K Kumashiro
CHEM,General Chemistry Lab II,CHEM 162L,81803,1,K K Kumashiro
CHEM,General Chemistry Lab II,CHEM 162L,80156,1,K K Kumashiro
CHEM,General Chemistry Lab II,CHEM 162L,82564,1,K K Kumashiro
CHEM,General Chemistry Lab II,CHEM 162L,80158,1,K K Kumashiro
CHEM,General Chemistry Lab II,CHEM 162L,82011,1,K K Kumashiro
CHEM,General Chemistry Lab II,CHEM 162L,82049,1,K K Kumashiro
CHEM,General Chemistry Lab II,CHEM 162L,80160,1,K K Kumashiro
CHEM,General Chemistry Lab II,CHEM 162L,80159,1,K K Kumashiro
CHEM,General Chemistry Lab II,CHEM 162L,81805,1,K K Kumashiro
CHEM,General Chemistry Lab II,CHEM 162L,88577,1,K K Kumashiro
CHEM,General Chemistry Lab II,CHEM 162L,88578,1,K K Kumashiro
CHEM,General Chemistry Lab II,CHEM 162L,88581,1,K K Kumashiro
CHEM,General Chemistry Lab II,CHEM 162L,88582,1,K K Kumashiro
CHEM,Organic Chemistry I,CHEM 272,83420,3,Z Zhang
CHEM,Organic Chemistry I Lab,CHEM 272L,80162,2,M A Tius
CHEM,Organic Chemistry I Lab,CHEM 272L,82244,2,M A Tius
CHEM,Organic Chemistry I Lab,CHEM 272L,81878,2,M A Tius
CHEM,Organic Chemistry I Lab,CHEM 272L,80164,2,M A Tius
CHEM,Organic Chemistry I Lab,CHEM 272L,87615,2,M A Tius
CHEM,Organic Chemistry I Lab,CHEM 272L,80165,2,M A Tius
CHEM,Organic Chemistry I Lab,CHEM 272L,80166,2,M A Tius
CHEM,Organic Chemistry I Lab,CHEM 272L,81877,2,M A Tius
CHEM,Organic Chemistry I Lab,CHEM 272L,88584,2,M A Tius
CHEM,Organic Chemistry I Lab,CHEM 272L,88585,2,M A Tius
CHEM,Organic Chemistry II,CHEM 273,80167,3,TBA
CHEM,Organic Chemistry Lab II,CHEM 273L,80168,2,Z Zhang
CHEM,Organic Chemistry Lab II,CHEM 273L,82243,2,Z Zhang
CHEM,Organic Chemistry Lab II,CHEM 273L,80169,2,Z Zhang
CHEM,Organic Chemistry Lab II,CHEM 273L,80170,2,Z Zhang
CHEM,Organic Chemistry Lab II,CHEM 273L,80171,2,Z Zhang
CHEM,Organic Chemistry Lab II,CHEM 273L,80172,2,Z Zhang
CHEM,Principles of Analytical Chem,CHEM 274,80174,3,Y Li
CHEM,Princ of Analytical Chem Lab,CHEM 274L,80175,2,Y Li
CHEM,Princ of Analytical Chem Lab,CHEM 274L,83958,2,Y Li
CHEM,Physical Chemistry II,CHEM 352,86297,3,K K Kumashiro
CHEM,Physico-Chemical Measurements,CHEM 352L,80176,2,P L Raston
CHEM,Prof Ethics for ChemistsRestriction: Major,CHEM 380,82006,1,K K Kumashiro
CHEM,Advanced Inorganic Chemistry,CHEM 427,82496,3,C M Jensen
CHEM,Synth. & Anal. Org. Cpds.Restriction: Major,CHEM 445,81637,3,J Hyvl
CHEM,Prep & Anal Org Cpds Lab,CHEM 445L,81638,2,J Hyvl
CHEM,Advanced Biochemistry,CHEM 462,82495,3,E B Haglund
CHEM,Advanced Biochemistry Lab,CHEM 462L,84400,2,E B Haglund
CHEM,Organometallics I,CHEM 622,88784,3,M F Cain
CHEM,Organic Synthesis I,CHEM 642,88785,3,M A Tius
CHEM,Astrochemistry-Moleculr Apprch,CHEM 657,88780,3,R Kaiser
CHEM,Chem Seminar II: Physical,CHEM 692D,80184,1,T Sattasathuchana
CHEM,Chem Seminar II: Organic,CHEM 692E,80185,1,J Hyvl
CHEM,Chem Seminar II: Biochemistry,CHEM 692Q,82203,1,E B Haglund
CHEM,Chem Seminar II: Inorganic,CHEM 692Z,80945,1,C M Jensen
CHN,Elementary Mandarin I,CHN 101,86461,4,TBA
CHN,Elementary Mandarin II,CHN 102,85087,4,J Wu
CHN,Elementary Mandarin II,CHN 102,88070,4,J Wu
CHN,Elementary Mandarin II,CHN 102,88076,4,TBA
CHN,Intermediate Mandarin I,CHN 201,87845,4,TBA
CHN,Intermediate Mandarin II,CHN 202,85088,4,TBA
CHN,Intermediate Mandarin II,CHN 202,85089,4,TBA
CHN,Third-Level Mandarin I,CHN 301,88941,3,TBA
CHN,Third-Level Mandarin II,CHN 302,85090,3,TBA
CHN,Fourth-Level Mandarin II,CHN 402,85091,3,J Wu
CHN,4th Yr Rdg/Wrtg: Adv Topics,CHN 441,89389,3,TBA
CHN,Study of Chinese Characters I,CHN 453,87844,3,S Jiang
CHN,CHN Semantics & Communication,CHN 456,88846,3,L Jiang
CHN,Intro Contemp Chn Linguistics,CHN 601,89384,3,L Jiang
CHN,Hist of Chnse Lang: Syntax,CHN 631C,88845,3,S Jiang
CHN,Contrast Analy of Mandrn & Eng,CHN 642,88840,3,H Wang
CINE,Intro to 3D AnimationRestriction: Department Approval,CINE 215,86257,3,J F Parente
CINE,Intro to 2D AnimationRestriction: Department Approval,CINE 216,86200,3,TBA
CINE,Intro to Cinema,CINE 255,86196,3,TBA
CINE,Cinematic Narrative ProductionRestriction: Major,CINE 310,86201,3,TBA
CINE,Cinematic Narrative ProductionRestriction: Major,CINE 310,86202,3,T Takemoto-Chock
CINE,CinematographyRestriction: Department Approval,CINE 312,86203,3,T M Taira
CINE,CinematographyRestriction: Department Approval,CINE 312,88948,3,TBA
CINE,3D ModelingRestriction: Department Approval,CINE 315,87295,3,J Hahm
CINE,3D AnimationRestriction: Department Approval,CINE 316,88838,3,J F Parente
CINE,"3D Lighting, Camera, RenderingRestriction: Department Approval",CINE 317,86258,3,J Hahm
CINE,Storyboarding and AnimaticsRestriction: Department Approval,CINE 321,86450,3,TBA
CINE,Visual DevelopmentRestriction: Department Approval,CINE 322,87294,3,L Margulies
CINE,Movement Study for AnimationRestriction: Department Approval,CINE 323,87297,3,D L Church
CINE,Independent ProducingRestriction: Major,CINE 330,86204,3,A M Misawa
CINE,Independent ProducingRestriction: Major,CINE 330,86205,3,A M Misawa
CINE,ScreenwritingRestriction: Major,CINE 350,86206,3,M Moody
CINE,ScreenwritingRestriction: Major,CINE 350,86207,3,J Moffett
CINE,Beg. Costume Design,CINE 356,89126,3,J M Speetjens
CINE,Indigenous Aesthetics,CINE 360,86208,3,L Flanary
CINE,Directing the Actor on ScreenRestriction: Department Approval,CINE 370,86209,3,T Takemoto-Chock
CINE,Editing for CinemaRestriction: Department Approval,CINE 372,86210,3,TBA
CINE,Post-Production SoundRestriction: Department Approval,CINE 374,86211,3,R Bardin
CINE,Dialogue Replacement and FoleyRestriction: Major,CINE 376,89405,3,C Wang
CINE,Genre/Narrative Theory,CINE 380,86212,3,M Moody
CINE,Documentary Studies,CINE 381,87885,3,B Service
CINE,Authors in Cinematic Arts(The Voice of the Director),CINE 382,86213,3,J Moffett
CINE,Topics in Cinematic Arts(Survey of US Television)Restriction: Major,CINE 385,86214,3,C A Acham
CINE,Techniques in Cinematic Arts(Experimental Film Techniques)Restriction: Major,CINE 386,89345,3,R Bardin
CINE,Documentary ProductionRestriction: Major,CINE 405,86227,3,S E Schimmel
CINE,Advanced Cinematic ProductionRestriction: Department Approval,CINE 410,86228,3,T Takemoto-Chock
CINE,Animation Production IRestriction: Department Approval,CINE 418,87296,3,L Margulies
CINE,Animation Production IIRestriction: Department Approval,CINE 420,86229,3,D L Church
CINE,Advanced ScreenwritingRestriction: Major,CINE 450,86230,3,L Flanary
CINE,Ethics and FilmRestriction: Major,CINE 460,86231,3,S E Schimmel
CINE,Capstone Cinematic ProductionRestriction: Department Approval,CINE 486,86259,3,C Wang
CINE,Video Game DesignRestriction: Department Approval,CINE 487,86198,3,J Leigh
CIS,Intdisc Sem in Comm/Inf SciRestriction: Major,CIS 720,82755,1,R S Gazan
CLAS,"Greek, Roman, and Ancient Myth",CLAS 122,85493,3,R J Littman
CLAS,World Myth to 1500 C.E.,CLAS 151,88749,3,L N Hamasaki
CLAS,Biblical Hebrew II,CLAS 302,83657,3,M L Libman
CLAS,Egyptian Hieroglyphics I,CLAS 305,88652,3,R J Littman
CLAS,Ancient Roman Lit.,CLAS 328,87221,3,L N Hamasaki
CLAS,Greek and Roman Epic,CLAS 329,86529,3,L M Holmes
CLAS,Literatures of Ancient India,CLAS 366,89319,3,J R Knutson
CMB,Intro to Neurosciences,CMB 606,88180,4,C Todorovic
CMB,Seminar in Biomedical SciencesRestriction: Instructor Approval,CMB 611,80887,1,J Panee
CMB,Cell Molecular Bio IIRestriction: Instructor Approval,CMB 622,80219,4,P R Hoffmann
CMB,Ethics In Biomedical Research,CMB 626,86784,2,J Panee
CMB,Ethics In Biomedical Research,CMB 626,83793,2,J Panee
CMB,Molecular Biology of the Cell,CMB 654G,85692,1,Y Zhang
CMB,Molecular Biology of the Cell,CMB 654G,88049,1,L A Seale
CMB,Essentials in Grant WritingRestriction: Instructor Approval,CMB 669,84814,2,M D Tallquist
CMB,Spec Topics in NeurosciencesRestriction: Instructor Approval,CMB 705,81504,1-12,C Todorovic
COA,On Death and Dying,COA 394,85857,3,M Mohr
COM,Introduction to Communication,COM 201,82048,3,J Gu
COM,Introduction to Communication,COM 201,85402,3,J R Loos
COM,Media ArtsRestriction: Major,COM 310,81791,3,J M Nishimura
COM,Communication and CommunitiesRestriction: Major,COM 320,85500,3,H K Kramer
COM,Info & Com Tech ConceptsRestriction: Major,COM 330,81946,3,J S Winter
COM,Info & Com Tech ConceptsRestriction: Major,COM 330,85501,3,K M Gaughen
COM,Media Arts TechniquesRestriction: Major,COM 337,89068,3,P A Amaral
COM,Public Relations WritingRestriction: Major,COM 339,83956,3,E Yamauchi
COM,Health Information TechnologyRestriction: Major,COM 345,85502,3,C Higa
COM,Computer-Mediated ComRestriction: Major,COM 350,87792,3,D C Smith
COM,Digital CulturesRestriction: Major,COM 355,87793,3,J Gu
COM,Esports and SocietyRestriction: Major,COM 369,85766,3,N S Kauweloa
COM,Public Relations StrategiesRestriction: Major,COM 421,83162,3,J Kim
COM,Social MediaRestriction: Major,COM 432,81948,3,L Ayala
COM,Communication and GenderRestriction: Major,COM 444,85403,3,S S Wu
COM,Special Topics in Com(Global Gaming and Society)Restriction: Major,COM 459,89069,3,W G Buente
COM,Multimedia Des & Dev CapstoneRestriction: Department Approval,COM 477,81949,3,P A Amaral
COM,Com in Communities CapstoneRestriction: Department Approval,COM 478,81950,3,R L Neo
COM,Com in Communities CapstoneRestriction: Department Approval,COM 478,82249,3,H K Kramer
COM,ICT and Policy CapstoneRestriction: Department Approval,COM 479,81947,3,J S Winter
COM,Communication InquiryRestriction: Major,COM 612,81792,3,R L Neo
COM,Social MediaRestriction: Major,COM 634,89070,3,W G Buente
COM,Public Diplomacy & COMRestriction: Major,COM 658,89071,3,J Kim
COMG,Everyday Com with Numbers,COMG 102,84577,3,TBA
COMG,Everyday Com with Numbers,COMG 102,84578,3,TBA
COMG,Everyday Com with Numbers,COMG 102,84579,3,TBA
COMG,Everyday Com with Numbers,COMG 102,84580,3,TBA
COMG,Personal and Public Speech,COMG 151,84596,3,J S Stout
COMG,Personal and Public Speech,COMG 151,84597,3,J S Stout
COMG,Personal and Public Speech,COMG 151,84598,3,J S Stout
COMG,Personal and Public Speech,COMG 151,84599,3,J S Stout
COMG,Personal and Public Speech,COMG 151,84600,3,J S Stout
COMG,Personal and Public Speech,COMG 151,84601,3,J S Stout
COMG,Personal and Public Speech,COMG 151,84602,3,J S Stout
COMG,Personal and Public Speech,COMG 151,84603,3,J S Stout
COMG,Personal and Public Speech,COMG 151,84604,3,J S Stout
COMG,Personal and Public Speech,COMG 151,84605,3,J S Stout
COMG,Personal and Public Speech,COMG 151,84606,3,J S Stout
COMG,Personal and Public Speech,COMG 151,84607,3,J S Stout
COMG,Personal and Public Speech,COMG 151,84608,3,J S Stout
COMG,Personal and Public Speech,COMG 151,84609,3,J S Stout
COMG,Personal and Public Speech,COMG 151,84610,3,J S Stout
COMG,Personal and Public Speech,COMG 151,87733,3,J S Stout
COMG,Principles of Eff Public Spkg,COMG 251,82146,3,J S Stout
COMG,Principles of Eff Public Spkg,COMG 251,82148,3,J S Stout
COMG,Principles of Eff Public Spkg,COMG 251,82150,3,J S Stout
COMG,Principles of Eff Public Spkg,COMG 251,83644,3,J S Stout
COMG,Principles of Eff Public Spkg,COMG 251,82151,3,J S Stout
COMG,Principles of Eff Public Spkg,COMG 251,82152,3,J S Stout
COMG,Principles of Eff Public Spkg,COMG 251,82153,3,J S Stout
COMG,Principles of Eff Public Spkg,COMG 251,82154,3,J S Stout
COMG,Principles of Eff Public Spkg,COMG 251,82155,3,J S Stout
COMG,Principles of Eff Public Spkg,COMG 251,82156,3,J S Stout
COMG,Principles of Eff Public Spkg,COMG 251,82158,3,J S Stout
COMG,Principles of Eff Public Spkg,COMG 251,82160,3,J S Stout
COMG,Communicology Theories,COMG 301,86182,3,H Lee
COMG,Research Methods,COMG 302,85852,3,J S Stout
COMG,Leadership and Org Comm,COMG 361,87736,3,J S Stout
COMG,Persuasion,COMG 364,85092,3,TBA
COMG,Creating Understanding,COMG 371,85093,3,J Gasiorek
COMG,Interpersonal Relations,COMG 381,85094,3,K S Aune
COMG,Conflict Management,COMG 455,86184,3,M Kim
COMG,Science Communication,COMG 462,86303,3,TBA
COMG,Human Communication and Tech,COMG 464,86185,3,M Kim
COMG,Communicating Social Support,COMG 490,89116,3,E Taniguchi-Dorios
COMG,Theories in Communicology,COMG 601,85258,3,K S Aune
COMG,Advanced Research Methods,COMG 612,86187,3,E Taniguchi-Dorios
COMG,Prac: Instructnl CommunicationRestriction: Major,COMG 620,86188,1,J S Stout
COMG,Creating Understanding,COMG 670,89133,3,J Gasiorek
CSD,Speech/Lang DevelopmentRestriction: Department Approval,CSD 433,85259,3,E K Firmin
CSD,Clinical Methods in CSDRestriction: Department Approval,CSD 435,85260,3,J M Hiu
CSD,Neuroscience in CSDRestriction: Major,CSD 601,88754,3,TBA
CSD,Audiology Foundations for SLPRestriction: Major,CSD 603,85261,3,B Gordon-Wendt
CSD,Adv Practicum in Speech Path IRestriction: Major,CSD 616,85043,3,TBA
CSD,Audiology Practicum for SLPRestriction: Major,CSD 617,88755,1,B Gordon-Wendt
CSD,Adult Neuro Lang Cog Comm DisRestriction: Major,CSD 622,85044,3,B L Evans
CSD,Research--Speech PathologyRestriction: Major,CSD 695,85045,1,L Guo
CSD,Adv Practicm/Speech Path IIIRestriction: Major,CSD 724,82429,9,TBA
DH,Basic Dental Hygiene IIRestriction: Major,DH 240,80228,2,K S Nakasone
DH,Basic DH II Lab/ClinicRestriction: Major,DH 240L,80229,3,K M Chung
DH,Basic DH II Lab/ClinicRestriction: Major,DH 240L,80230,3,K M Chung
DH,Basic DH II Lab/ClinicRestriction: Major,DH 240L,80231,3,N A Galarza
DH,Basic DH II Lab/ClinicRestriction: Major,DH 240L,81995,3,N A Galarza
DH,Oral Histology and EmbryologyRestriction: Major,DH 251,80232,1,P K Fujimoto
DH,Dental RadiographyRestriction: Major,DH 281,80233,2,P F Sunahara
DH,Dental Radiography Lab/ClinicRestriction: Major,DH 281L,80234,1,P F Sunahara
DH,Dental Radiography Lab/ClinicRestriction: Major,DH 281L,80235,1,P F Sunahara
DH,Dental Radiography Lab/ClinicRestriction: Major,DH 281L,80236,1,P F Sunahara
DH,Dental Radiography Lab/ClinicRestriction: Major,DH 281L,81994,1,P F Sunahara
DH,General PathologyRestriction: Major,DH 366,80237,2,P K Fujimoto
DH,Expanded Functions in DHRestriction: Major,DH 370,80238,2,M K Oishi
DH,Expand Functions DH Lab/ClinicRestriction: Major,DH 370L,80239,1,M K Oishi
DH,Expand Functions DH Lab/ClinicRestriction: Major,DH 370L,80240,1,N A Galarza
DH,Clinical Dental Hygiene IIRestriction: Major,DH 380,80241,2,G C Lau
DH,Clinical Dh II ClinicRestriction: Major,DH 380L,80242,3,G C Lau
DH,Clinical Dh II ClinicRestriction: Major,DH 380L,80243,3,M K Oishi
DH,Clinical Dh II ClinicRestriction: Major,DH 380L,80244,3,E N Cortez
DH,Clinical Dh II ClinicRestriction: Major,DH 380L,82239,3,G C Lau
DH,Pain Control & L Anes in DentRestriction: Major,DH 389,80245,2,E N Cortez
DH,Periodontology IIRestriction: Major,DH 391,80246,2,M M Lau
DH,Adv Clinic Dental Hygiene IIRestriction: Major,DH 480,86445,2,M M Lau
DH,Adv Dental Hygiene II ClinicRestriction: Major,DH 480L,86446,4,M M Lau
DH,Adv Dental Hygiene II ClinicRestriction: Major,DH 480L,86447,4,M M Lau
DH,Adv Dental Hygiene II ClinicRestriction: Major,DH 480L,86448,4,E N Cortez
DH,Adv Dental Hygiene II ClinicRestriction: Major,DH 480L,86449,4,K M Osada
DIS,Foundations Disability/Diverse,DIS 380,86653,3,M Houar
DIS,Accessible Learning Technology,DIS 382,89415,3,F V Jumawan
DIS,Disability History and Culture,DIS 383,84228,3,R Raphael
DIS,Disability History,DIS 680,83614,3,R Raphael
DIS,Multicultural Iss in Disabilty,DIS 681,89413,3,H M Manaseri
DIS,Special Topics in Disability(Health Equity and Disability),DIS 682,86430,1-3,D M Delise
DIS,Interdisciplinary Team Develop,DIS 684,81658,3,R L Stotzer
DIS,Portfolio/Field Work,DIS 688,86040,3,K L Murphy
DIS,Directed Reading &/or Research,DIS 699,83615,3,R Raphael
DNCE,Intr Stg Scr New Media Writing,DNCE 100,87677,3,E C Svaton
DNCE,Intr Stg Scr New Media Writing,DNCE 100,87678,3,E C Svaton
DNCE,Introduction to Japanese Dance,DNCE 103,87657,1,J D Nishihara
DNCE,Introduction to Okinawan Dance,DNCE 106,83387,1,Y P Shiroma
DNCE,Beginning Ballet Technique,DNCE 121,80247,3,B Rodriguez
DNCE,Beginning Ballet Technique,DNCE 121,85247,3,S I Rivera Rodas
DNCE,Beg. Contemporary Dance,DNCE 131,80248,3,S I Rivera Rodas
DNCE,Beg. Contemporary Dance,DNCE 131,84278,3,Z Wen
DNCE,Hip Hop Dance,DNCE 140,85047,3,B Rodriguez
DNCE,Ballroom Dance,DNCE 142,83085,1,L A Sabado
DNCE,Live on Stage,DNCE 152,85405,3,K Pauka
DNCE,Live on Stage,DNCE 152,87665,3,E V Mante
DNCE,Live on Stage,DNCE 152,88597,3,J M Branner
DNCE,Beg Prac: Stagecraft,DNCE 200C,87667,1,P Johnston
DNCE,Beg Prac: Costume,DNCE 200D,87668,1,H K Schauer
DNCE,Beg Prac: Perf Arts Mgt,DNCE 200E,87669,1,C S Lamborn
DNCE,Low Intermed Ballet Technique,DNCE 221,80818,3,C W Wright
DNCE,Int. Contemp. Dance Technique,DNCE 231,80942,3,A L Schiffner
DNCE,Intro to Stage Production,DNCE 240,87676,3,J P Fragiao
DNCE,Intermediate Hip Hop,DNCE 241,85246,3,J C Sypert
DNCE,Global Perspectives on Dance,DNCE 255,86652,3,H M Chung
DNCE,Global Perspectives on Dance,DNCE 255,88360,3,S L Akuna
DNCE,Asian Dance I,DNCE 301,86353,1,S P Bhatawadekar
DNCE,Asian Dance I,DNCE 301,86354,3,S P Bhatawadekar
DNCE,Japanese Dance I,DNCE 303,87659,1,J D Nishihara
DNCE,Okinawan Dance I,DNCE 306,81123,1,Y P Shiroma
DNCE,Oceanic Dance I,DNCE 311,86349,3,N T Gauthier
DNCE,Hula/Chant Ensemble I,DNCE 312,83688,2,N Lewis
DNCE,Hula/Chant Ensemble I,DNCE 312,83687,2,N Lewis
DNCE,Intermediate Ballet Technique,DNCE 321,80249,3,TBA
DNCE,High Int. Contemp. Dance Tech.,DNCE 331,80250,3,K Miller
DNCE,Beg. Lighting Design,DNCE 345,88617,3,P Johnston
DNCE,Intro to Costume Construction,DNCE 354,88616,4,J M Speetjens
DNCE,Beg. Costume Design,DNCE 356,88620,3,J M Speetjens
DNCE,Queer Dance Exploratory,DNCE 357,86347,3,S L Akuna
DNCE,Dance Kinesiology,DNCE 360,88917,3,J L Perillo
DNCE,Visual Media for Dance,DNCE 362,85406,3,S L Akuna
DNCE,Movement Improvisation,DNCE 370,87672,3,P Kao
DNCE,Japanese Dance II,DNCE 403,89462,1-3,J D Nishihara
DNCE,Okinawan Dance II,DNCE 406,81124,1,Y P Shiroma
DNCE,Oceanic Dance II,DNCE 411,87660,3,N T Gauthier
DNCE,Hula/Chant Ensemble III,DNCE 413,86623,2,N Lewis
DNCE,Advanced Ballet Technique,DNCE 421,80251,3,TBA
DNCE,Adv. Contemporary Dance,DNCE 431,80252,3,K Miller
DNCE,Movement Workshop(Hula),DNCE 433,85245,3,T K Lopes
DNCE,Movement Workshop(Hula),DNCE 433,88613,1-3,T K Lopes
DNCE,Indigenous Dance Studies,DNCE 450,88614,3,S L Akuna
DNCE,Dance Performance,DNCE 470,86109,1,S L Akuna
DNCE,Senior Project,DNCE 495,85828,1-3,K Miller
DNCE,Senior Project,DNCE 495,85829,1-3,P Kao
DNCE,Senior Project,DNCE 495,85830,1-3,J L Perillo
DNCE,Adv Topics Perf in Hawai'i,DNCE 668,86352,3,T R Baker
DNCE,Dance Performance,DNCE 672,87662,1,S L Akuna
DNCE,Intrdscplnry CollaborationsRestriction: Major,DNCE 674,88618,3,P Kao
DNCE,Directed Choreography,DNCE 679,82037,1,K Miller
DNCE,Practicum in TeachingRestriction: Major,DNCE 692,85943,1-3,J L Perillo
DRB,DRB InvestigationsRestriction: Instructor Approval,DRB 614,81645,3,M A Ward
DRB,Biology of Aging,DRB 651,88132,3,R Allsopp
DRB,Applied Dev Reprod Biology,DRB 666,81818,3,Y Yamazaki
DRB,DRB Research Rotation,DRB 695,84815,3,V B Alarcon
DRB,DRB Research Rotation,DRB 695,84816,3,R Allsopp
DRB,DRB Research Rotation,DRB 695,84817,3,B C Fogelgren
DRB,DRB Research Rotation,DRB 695,84818,3,S Lozanoff
DRB,DRB Research Rotation,DRB 695,84819,3,Y Marikawa
DRB,DRB Research Rotation,DRB 695,84968,3,T Matsui
DRB,DRB Research Rotation,DRB 695,86797,3,A K Maunakea
DRB,DRB Research Rotation,DRB 695,86120,3,B Mishra
DRB,DRB Research Rotation,DRB 695,84969,3,I Moisyadi
DRB,DRB Research Rotation,DRB 695,86396,3,M A Ortega
DRB,DRB Research Rotation,DRB 695,84970,3,J B Owens
DRB,DRB Research Rotation,DRB 695,84971,3,N Polgar
DRB,DRB Research Rotation,DRB 695,87239,3,K J Schunke
DRB,DRB Research Rotation,DRB 695,84972,3,J G Urschitz
DRB,DRB Research Rotation,DRB 695,84973,3,M A Ward
DRB,DRB Research Rotation,DRB 695,84974,3,W S Ward
DRB,DRB Research Rotation,DRB 695,84975,3,C E Wright
DRB,DRB Research Rotation,DRB 695,84976,3,Y Yamazaki
DRB,DRB Research Rotation,DRB 695,84977,3,M Yoshizawa
DRB,DRB Research Rotation,DRB 695,87238,3,Y Zhang
DRB,DRB Research Rotation,DRB 695,88459,3,C B Miller
EALL,Writing East Asia,EALL 100,87849,3,TBA
EALL,Jpnse Lit in Trans-Traditional,EALL 271,85095,3,TBA
EALL,Jpnse Lit in Translatn-Modern,EALL 272,85096,3,TBA
EALL,Jpnse Lit in Translatn-Modern,EALL 272,85097,3,TBA
EALL,Korean Lit in Trans-Trad,EALL 281,86180,3,D Han
EALL,Korean Lit in Trans-Modern,EALL 282,85098,3,E J Yoon
EALL,Jpn Film: Art/Hist-Spec Topics,EALL 325D,82535,3,A R Haag
EALL,Chinese Literature: Pre-Modern,EALL 362,87837,3,D R McCraw
EALL,20th C Chn Lit & Cul:1949-Pres,EALL 363C,88839,3,M Yue
EALL,Trad Chn Fic/Trns: Short Story,EALL 365B,86179,3,D R McCraw
EALL,Topics in Modern JPN Lit,EALL 372,85100,3,Q B Arkenstone
EALL,Modern Korean Women Writers,EALL 384,88932,3,E J Yoon
EALL,Topics in CHN Cultural Studies,EALL 473,88842,3,M Yue
EALL,Perspectives on Chinese Cinema,EALL 476,84323,3,Y Peng
EALL,Topics: 20thC Lit Cult St,EALL 611,88844,3,Y Peng
EALL,Sem:Comparison of E Asian Lang,EALL 750,87848,3,A Hasegawa
ECE,Programming for EngineersRestriction: Major,ECE 160,86910,4,C L Manloloyo
ECE,Programming for EngineersRestriction: Major,ECE 160,86911,4,C L Manloloyo
ECE,Programming for EngineersRestriction: Major,ECE 160,86912,4,C L Manloloyo
ECE,Object Oriented ProgrammingRestriction: Major,ECE 205,86930,4,D Cummings
ECE,Object Oriented ProgrammingRestriction: Major,ECE 205,86931,4,D Cummings
ECE,Basic Circuit Analysis IRestriction: Major,ECE 211,86932,4,V Lubecke
ECE,Basic Circuit Analysis IRestriction: Major,ECE 211,86933,4,V Lubecke
ECE,Basic Circuit Analysis IRestriction: Major,ECE 211,86934,4,V Lubecke
ECE,Basic Circuit Analysis IIRestriction: Major,ECE 213,86935,4,B Murmann
ECE,Basic Circuit Analysis IIRestriction: Major,ECE 213,86936,4,B Murmann
ECE,Introduction to Digital DesignRestriction: Major,ECE 260,86937,4,Y Zheng
ECE,Introduction to Digital DesignRestriction: Major,ECE 260,86938,4,Y Zheng
ECE,Signal and System AnalysisRestriction: Major,ECE 315,86969,3,A Host-Madsen
ECE,Microelectronic Circuits IRestriction: Major,ECE 323,86970,3,J A Weldon
ECE,Microelectronic Circuits I LabRestriction: Major,ECE 323L,86971,1,J A Weldon
ECE,Microelectronic Circuits I LabRestriction: Major,ECE 323L,86972,1,J A Weldon
ECE,Theory & Design IC Devices IRestriction: Major,ECE 327,86974,3,A T Ohta
ECE,Probability & StatisticsRestriction: Major,ECE 342,86975,3,A Kuh
ECE,Linear Feedback-Control SystmsRestriction: Major,ECE 351,86981,3,G Arslan
ECE,Linear Feedback-Cntrl Sys LabRestriction: Major,ECE 351L,86982,1,G Arslan
ECE,Computer Data Struct & AlgrthmRestriction: Major,ECE 367,86985,3,L Zhu
ECE,Computer Data Struct & Alg LabRestriction: Major,ECE 367L,86986,1,L Zhu
ECE,Computational Media SystemsRestriction: Major,ECE 369,86976,3,K Kardan
ECE,Engr Electromagnetics IIRestriction: Major,ECE 372,86977,3,Z Yun
ECE,Engineerng Electromagntcs LabRestriction: Major,ECE 372L,87068,1,Z Yun
ECE,Engineerng Electromagntcs LabRestriction: Major,ECE 372L,87073,1,Z Yun
ECE,Intro to Large-Scale AI SystmsRestriction: Major,ECE 405,89094,3,I Molybog
ECE,Introduction to OptimizationRestriction: Major,ECE 417,87010,3,J Yee
ECE,Adv SI IC & Solid State DeviceRestriction: Major,ECE 426,89084,3,J Ott
ECE,Renewable EnergyRestriction: Major,ECE 438,87009,3,O Boric-Lubecke
ECE,Machine LearningRestriction: Major,ECE 445,87071,3,N P Santhanam
ECE,Physical Optics,ECE 470,89102,3,B Wu
ECE,Spec Topics in EE: Comp Soft(AI Security)Restriction: Major,ECE 491F,87600,3,H Guo
ECE,Spec Topics in EE:  Fields(Computational Methods in Electrical Engineering)Restriction: Major,ECE 491J,88119,3,M F Iskander
ECE,Spec Topics in EE: Power(Power Electronics)Restriction: Major,ECE 491K,89079,3,D H Green
ECE,Ethics in Elect EngrRestriction: Major,ECE 495,87013,1,D S Drew
ECE,Algorithm IRestriction: Major,ECE 602,87605,3,Y Dong
ECE,Computer and Network Security,ECE 609,89107,3,Y Dong
ECE,Advanced Solid State Devices IRestriction: Major,ECE 621,87610,3,J Ott
ECE,Analysis & Design of ICRestriction: Major,ECE 628,89098,3,B Murmann
ECE,Detection & Estimation TheoryRestriction: Major,ECE 642,89105,3,A Kuh
ECE,Machine LearningRestriction: Major,ECE 645,87064,3,N P Santhanam
ECE,Wireless and Mobile Security,ECE 669,89106,3,X Xue
ECE,Spec Topics in EE: Comp Hard(Wireless Networks and Internet of Things)Restriction: Major,ECE 693E,87067,3,H Cai
ECE,Spec Topics in EE: Devices(Medical Imaging Systems)Restriction: Major,ECE 693I,87065,3,M Hossain
ECE,Spec Topics in EE: Devices(Sensors for Detecting Unexploded Ordinance)Restriction: Major,ECE 693I,89085,3,A T Ohta
ECE,Spec Topics in EE: Fields(Computational Methods in Electrical Engineering)Restriction: Major,ECE 693J,88406,3,M F Iskander
ECE,Spec Topics in EE: Power(Power Electronics)Restriction: Major,ECE 693K,89081,3,D H Green
ECON,Principles of Microeconomics,ECON 130,80267,3,J M Lynham
ECON,Principles of Microeconomics,ECON 130,83089,3,J M Lynham
ECON,Principles of Microeconomics,ECON 130,82171,3,C S Burkart
ECON,Principles of Microeconomics,ECON 130,83090,3,C S Burkart
ECON,Principles of Microeconomics,ECON 130,82170,3,C S Burkart
ECON,Principles of Macroeconomics,ECON 131,85623,3,D E Ching
ECON,Principles of Macroeconomics,ECON 131,85997,3,L Rojas Bernal
ECON,Principles of Macroeconomics,ECON 131,80268,3,L Rojas Bernal
ECON,Principles of Macroeconomics,ECON 131,83154,3,D E Ching
ECON,Data Analysis & Visualization,ECON 256,85624,3,H Choi
ECON,Intermediate Macroeconomics,ECON 300,82710,3,X Wang
ECON,Intermediate Macroeconomics,ECON 300,80269,3,M N Gabrovski
ECON,Intermediate Microeconomics,ECON 301,81642,3,C S Burkart
ECON,Intermediate Microeconomics,ECON 301,80270,3,E Sherstyuk
ECON,The Economy of Hawaii,ECON 311,85625,3,S C Bond-Smith
ECON,Introduction to Statistics,ECON 321,81666,3,D E Ching
ECON,Introduction to Statistics,ECON 321,80271,3,T S Molina
ECON,Introduction to Statistics,ECON 321,87924,3,D E Ching
ECON,Financial Markets & Institutns,ECON 340,87925,3,I Love
ECON,Network Economics,ECON 355,88959,3,R Juarez
ECON,Environmental Economics,ECON 358,88960,3,M J Roberts
ECON,Trade Policy and Globalization,ECON 362,88961,3,C Edmonds
ECON,Internship for EconomicsRestriction: Instructor Approval,ECON 390,84978,1-3,T M Greaney
ECON,Topics in Economics(Sports Economics),ECON 396,87926,3,T Scheiding
ECON,Topics in Economics(AI Applications in Economics and Finance),ECON 396,88064,3,G A Meissner
ECON,Topics in Economics(Indigenous Economics),ECON 396,88962,3,K M Aquino
ECON,Asian Economic Development,ECON 415,88122,3,C Edmonds
ECON,The Chinese Economy,ECON 416,83840,3,X Wang
ECON,Mathematical Economics,ECON 420,88967,3,S H Lee
ECON,Intr Economet II: Pred & Caus,ECON 427,87928,3,P Fuleky
ECON,Health Economics,ECON 434,84287,3,T J Halliday
ECON,Economics of Happiness,ECON 444,85626,3,I Love
ECON,Public Economics,ECON 450,88970,3,D T Moore
ECON,Land and Housing Economics,ECON 495,88971,3,J M Tyndall
ECON,Microeconomic Theory II,ECON 608,83933,3,E Sherstyuk
ECON,Macroeconomic Theory II,ECON 609,80870,3,M N Gabrovski
ECON,Economic Development,ECON 610,88972,3,T S Molina
ECON,Econometrics I,ECON 628,80871,3,P Fuleky
ECON,International Trade & Welfare,ECON 660,88973,3,T M Greaney
ECON,Health Economics and Policy,ECON 674,88974,3,T J Halliday
ECON,Advanced Topics in Economics,ECON 696,83125,1-3,J M Lynham
ECON,Advanced Topics in Economics,ECON 696,83124,1-3,T J Halliday
ECON,Advanced Topics in Economics,ECON 696,83123,1-3,R Juarez
ECON,Research Seminar,ECON 730,88975,3,L Wang
ECON,MA Capstone Research,ECON 732,80277,3,L Wang
EDCS,STEM Pedagogy,EDCS 417,85101,1-3,M A Ikemoto
EDCS,STEM Pedagogy,EDCS 417,86761,1-3,J K Philippoff
EDCS,Multicul and Social Justice Ed,EDCS 440,83947,3,P Halagao
EDCS,Literacy Coaching & Leadership,EDCS 605,89388,3,A M West
EDCS,"Science & Science Curr, PK-12",EDCS 623,85345,3,K K Mawyer
EDCS,Qualitative Research Methods,EDCS 632,87361,3,K Umezawa
EDCS,Autoethnography in Education,EDCS 635,89414,3,C K Au
EDCS,Class/SchLit Assess: Multiling,EDCS 647C,86811,3,P L Bluth
EDCS,SEL Pedagogy and Practice,EDCS 650,89498,3,C G Cruz
EDCS,Seminar in Curriculum: K-14,EDCS 667G,83704,3,B M Ward
EDCS,Indigenous and Postcolonial Ed,EDCS 670,88565,3,J L Kaomea
EDCS,Info Literacy & Learng Resourc,EDCS 686,87506,3,M Garud
EDCS,Dissertation Res. & Writing,EDCS 761,89497,3,A R Freese
EDCS,Issues & Trends in Curriculum,EDCS 767,88881,3,E K Kukahiko
EDEA,Top: Asia Pacific ApproachesRestriction: Department Approval,EDEA 460C,88892,3,D S Taira
EDEA,Research in Educational AdminRestriction: Department Approval,EDEA 602,86385,3,L R Shelly
EDEA,Qualitative Res Meth in EducRestriction: Department Approval,EDEA 604,87263,3,L R Shelly
EDEA,Educational StatisticsRestriction: Department Approval,EDEA 629,88663,3,L H Furuto
EDEA,Ed Law: Higher EdRestriction: Department Approval,EDEA 630H,86321,3,T W Ballard
EDEA,Org Leadership in EdRestriction: Department Approval,EDEA 650,87730,3,E O Chang
EDEA,Intro to Higher EducationRestriction: Department Approval,EDEA 657,87249,3,C M Lucas
EDEA,Leadership in Higher EducationRestriction: Department Approval,EDEA 660,88672,3,K Lopez
EDEA,Intro to Educ Policy StudiesRestriction: Department Approval,EDEA 675,88673,3,A K Manini
EDEA,The Politics of EducationRestriction: Department Approval,EDEA 676,88667,3,K Kukahiko
EDEA,Capstone ProjectRestriction: Department Approval,EDEA 695,86283,3,E O Chang
EDEA,Directed Reading and/or Rsch,EDEA 699,88833,1-12,K Kukahiko
EDEA,Internship in EducationRestriction: Department Approval,EDEA 720,88834,1-6,K Kukahiko
EDEA,Sem: Organizational ChangeRestriction: Department Approval,EDEA 780C,88670,3,A A Lachman
EDEF,Education in American Society,EDEF 310,81028,3,B A Whitenack
EDEF,Education in American Society,EDEF 310,81812,3,W W Perry
EDEF,Education in American Society,EDEF 310,84301,3,D M Furushima
EDEF,Education in American Society,EDEF 310,83758,3,M Sustarsic
EDEF,Education in American Society,EDEF 310,84045,3,D F Arellano
EDEF,Education in American Society,EDEF 310,88280,3,M T Eng
EDEF,Education in American Society,EDEF 310,88352,3,W R Wolff
EDEF,Education in American Society,EDEF 310,88419,3,C J Busby
EDEF,Education in American Society,EDEF 310,88885,3,M D McCormick
EDEF,Education in American Society,EDEF 310,88886,3,K D Vasconcellos
EDEF,Education in American Society,EDEF 310,89394,3,W R Wolff
EDEF,History of Education in Hawaii,EDEF 352,89382,3,D S Taira
EDEF,Intro to Multicultural Educ,EDEF 360,83616,3,X Di
EDEF,Intro to Multicultural Educ,EDEF 360,84066,3,A K Yap
EDEF,Intro to Multicultural Educ,EDEF 360,87604,3,V J Mann
EDEF,Intro to Multicultural Educ,EDEF 360,88002,3,S T Edwards
EDEF,Intro to Multicultural Educ,EDEF 360,88281,3,S T Edwards
EDEF,Intro to Multicultural Educ,EDEF 360,88351,3,Y Saito
EDEF,Intro to Multicultural Educ,EDEF 360,88420,3,A M Kouao
EDEF,Intro to Multicultural Educ,EDEF 360,89395,3,P L Grillet Rodriguez
EDEF,Intro to Multicultural Educ,EDEF 360,89396,3,J T Acido
EDEF,Field Studies in Educ Fndtns,EDEF 649,83866,1-15,H M Tavares
EDEF,Field Studies in Educ Fndtns,EDEF 649,87603,1-15,A J Means
EDEF,Sem EDEF: Leadership Gov Ed,EDEF 667C,89343,3,W W Perry
EDEF,Approaches to Ed Inquiry,EDEF 678,89342,3,B Cheng
EDEF,Education and World Order,EDEF 684,89341,3,D B Edwards
EDEF,Education and Social Change,EDEF 725,89340,3,A J Means
EDEF,Adv Sem in Philosophy of Educ,EDEF 764,89339,3,H M Tavares
EDEP,Intro to Ed Psych,EDEP 311,85081,3,R D Todorovich
EDEP,Intro to Ed Psych,EDEP 311,85079,3,R D Todorovich
EDEP,Intro to Ed Psych,EDEP 311,85080,3,L Kruse
EDEP,Intro to Ed Psych,EDEP 311,85082,3,L Kruse
EDEP,Intro to Ed Psych,EDEP 311,84569,3,S K Ashley
EDEP,Intro to Ed Psych,EDEP 311,85985,3,D C Yarborough
EDEP,Intro to Ed PsychRestriction: Department Approval,EDEP 311,86671,3,K T Gauci
EDEP,Intro to Ed PsychRestriction: Department Approval,EDEP 311,86772,3,K T Gauci
EDEP,Sem in Contemp Persp in Ed Psy(Health & Wellness Issues in Higher Education),EDEP 411,80290,3,K J Scholly
EDEP,Introductory Statistics,EDEP 429,83046,3,M Murphy
EDEP,Intro to Quantitative Methods,EDEP 601,84006,3,T M Maaz
EDEP,Multivariate Methods,EDEP 606,86634,3,S R DeVore
EDEP,Intro to Educational Research,EDEP 608,85083,3,M Murphy
EDEP,Measurement in Educ & Soc Sci,EDEP 616,87300,3,S Im
EDEP,Development & Learning,EDEP 661,82190,3,L A Yamauchi
EDEP,Sem in Ed Psy: General,EDEP 768B,88718,3,L A Yamauchi
ELI,Int Academic Listen. & Speak.,ELI 070,88607,3,TBA
ELI,Intermediate Academic Literacy,ELI 075,86472,3,TBA
ELI,Intermediate Academic Literacy,ELI 075,88608,3,TBA
ELI,Adv Academic Listen. & Speak.,ELI 080,87256,3,TBA
ELI,Adv Academic Listen. & Speak.,ELI 080,88609,3,TBA
ELI,Adv Academic Writing for Grads,ELI 083,86374,3,L J Edmond
ENG,Composition I,ENG 100,80298,3,C Rubsamen
ENG,Composition I,ENG 100,80299,3,J Jayaprakash
ENG,Composition I,ENG 100,84059,3,D S Terada
ENG,Composition I,ENG 100,82431,3,TBA
ENG,Composition I,ENG 100,80300,3,T U Muramoto
ENG,Composition I,ENG 100,87589,3,L Johnson
ENG,Composition I,ENG 100,81825,3,TBA
ENG,Composition I,ENG 100,88982,3,TBA
ENG,Composition I,ENG 100,81376,3,T Alghamdi
ENG,Composition I,ENG 100,88983,3,A Somwaru
ENG,Composition I,ENG 100,80867,3,E M Calero
ENG,Composition I,ENG 100,83275,3,TBA
ENG,Composition I,ENG 100,84039,3,TBA
ENG,Composition I,ENG 100,80301,3,A Somwaru
ENG,Composition I,ENG 100,81826,3,T Alghamdi
ENG,Composition I,ENG 100,83742,3,R Wright
ENG,Composition I,ENG 100,80302,3,TBA
ENG,Composition I,ENG 100,83146,3,TBA
ENG,Composition I,ENG 100,82167,3,TBA
ENG,Composition I,ENG 100,87985,3,S D Holmes
ENG,Composition I,ENG 100,87984,3,A I Kiilau
ENG,Composition I,ENG 100,87983,3,C N Lee
ENG,Composition I,ENG 100,87982,3,A I Kiilau
ENG,Composition I,ENG 100,87981,3,E A Ashour
ENG,Composition I,ENG 100,88987,3,C N Lee
ENG,Composition I,ENG 100,87980,3,M M Lefaoseu
ENG,Composition I,ENG 100,88309,3,K K Timothy
ENG,Composition I,ENG 100,88310,3,T Marty
ENG,Composition I,ENG 100,87595,3,S Sharma
ENG,Composition I,ENG 100,87593,3,L F Peleiholani Blankenfeld
ENG,Composition I,ENG 100,87592,3,J Lee
ENG,Composition I,ENG 100,87586,3,A S Kalabukhova
ENG,Composition I,ENG 100,87979,3,C P Sunico
ENG,Composition I,ENG 100,85974,3,A E Lee
ENG,Composition I,ENG 100,87587,3,A E Lee
ENG,Composition I,ENG 100,85986,3,R Y Hsu
ENG,Composition I,ENG 100,85987,3,L R Kinoshita
ENG,Composition I,ENG 100A,83151,3,J S Lazarus
ENG,Composition II,ENG 200,81822,3,S T Allen
ENG,Composition II,ENG 200,82956,3,C D Basha
ENG,Composition II,ENG 200,88989,3,TBA
ENG,Intro to Lit: Literary History,ENG 270,88993,3,R Y Hsu
ENG,Intro to Lit: Genre(Chicklit and Commodity Fetishism),ENG 271,82733,3,N Chandra
ENG,Intro to Lit: Genre(Film and Literature of the Holocaust),ENG 271,81256,3,D Desser
ENG,Intro to Lit: Genre(Philippine/American Literature),ENG 271,86308,3,J L Manuel
ENG,Intro to Lit: Culture & Lit(Urban Legends),ENG 272,83128,3,A K Hoe
ENG,Intro to Lit: Culture & Lit(Literature and Resistance: Palestine),ENG 272,88994,3,C G Franklin
ENG,Intro to Lit: Creative Writing(How Can Fiction Change the World?),ENG 273,83150,3,M J Robinson
ENG,Intro to Lit: Rhetoric and Lit(The Rhetoric of Modernism),ENG 276,87599,3,M J Pfau
ENG,Intro to Rhetoric: Contemp,ENG 300C,86310,3,G M Nordstrom
ENG,Rhetoric and Writing,ENG 306,80303,3,D Payne
ENG,Rhetoric and Writing,ENG 306,83664,3,T H Sammons
ENG,Rhetoric and Writing,ENG 306,89157,3,G M Nordstrom
ENG,Autobiographical Writing,ENG 311,85103,3,W C Howes
ENG,Types of Creative Writing,ENG 313,85771,3,J Han
ENG,Types of Creative Writing,ENG 313,87820,3,K R Kahakauwila
ENG,Types of Creative Writing,ENG 313,85104,3,M K Kakimoto
ENG,Intro to English StudiesRestriction: Major,ENG 320,82169,3,S Shankar
ENG,Intro to English StudiesRestriction: Major,ENG 320,82734,3,J D Zuern
ENG,Renaissance British Literature,ENG 331,86311,3,D E Higginbotham
ENG,Restoration/18th-C British Lit,ENG 332,83674,3,E M West
ENG,American Lit to Mid-19th C,ENG 336,84296,3,H Manshel
ENG,"Film, Literature, & Adaptation",ENG 360,88995,3,D M Seid
ENG,"Race, Ethnicity, & Literature",ENG 374,88996,3,C G Franklin
ENG,Philippine Lit in English,ENG 375,89162,3,L Ypil
ENG,Native Hawaiian Lit in English,ENG 378,84297,3,S K Hoomanawanui
ENG,Fairy Tales & Adaptations,ENG 385,88998,3,S K Hoomanawanui
ENG,Literature and the Environment,ENG 388,87864,3,D E Higginbotham
ENG,Writing Center PracticumRestriction: Instructor Approval,ENG 405,82166,3,I K Wang
ENG,Professional Editing,ENG 408,87812,3,K E Garland
ENG,Form and Theory of Poetry,ENG 410,87705,3,N A Revilla
ENG,Nonfiction Writing,ENG 412,87706,3,L Ypil
ENG,Fiction Workshop,ENG 414,85105,3,M K Kakimoto
ENG,Studies: 20th & 21st C Lit(Popular Series Fiction),ENG 434,89142,3,T H Sammons
ENG,Single Author(Toni Morrison),ENG 440,82746,3,J Taylor
ENG,Single Author(Aphra Behn),ENG 440,86312,3,E M West
ENG,Studies: Film(Women in Film),ENG 463,89143,3,D M Seid
ENG,Studies: Lit & Popular Culture(Critical Theory and Reality TV),ENG 481,89144,3,H Manshel
ENG,InternshipRestriction: Major,ENG 495,89159,3,A M Feuerstein
ENG,Grad Writing Workshop: PoetryRestriction: Department Approval,ENG 613B,89153,3,N A Revilla
ENG,BiographyRestriction: Department Approval,ENG 664,89442,3,W C Howes
ENG,Seminar in Composition Studies(Generative AI and the Teaching of Writing)Restriction: Department Approval,ENG 705,83331,3,D Payne
ENG,Seminar in Rhetoric(Reframing Argumentation for the 21st Century)Restriction: Department Approval,ENG 709,86313,3,D Desser
ENG,"Techniques in Fiction(Short Story Cycle, Novel-in-Stories, and the Multi-POV Novel)Restriction: Department Approval",ENG 716B,89377,3,J Han
ENG,Seminar in Literary Criticism(Power and Subjectivity)Restriction: Department Approval,ENG 727,89145,3,J Taylor
ENG,Sem in Culturl St-Asia/Pacific(Elemental Love and Cartography in an Era of Climate ChangeRestriction: Department Approval,ENG 770,89148,3,C L Fujikane
ENG,Seminar in Cultural Studies(The Creative Uses of Waste: The Essay-Film and Other Recyclings)Restriction: Department Approval,ENG 775,89146,3,N Chandra
ENGR,Field ExperienceRestriction: Major,ENGR 493,84474,1,J S Nakatsu
EPET,Space Exploration,EPET 201,87346,4,P A Englert
EPET,Intro to Human Spaceflight,EPET 321,87347,4,P A Englert
EPET,Space Mission Design,EPET 400,85358,4,P A Englert
EPET,Human Space Analog Mission,EPET 421,88680,4,P A Englert
ERTH,Dynamic Earth,ERTH 101,84141,3,T R Naumann
ERTH,Dynamic Earth,ERTH 101,84139,3,D E Eason
ERTH,Dynamic Earth Laboratory,ERTH 101L,84144,1,S K Rowland
ERTH,Dynamic Earth Laboratory,ERTH 101L,84146,1,S K Rowland
ERTH,Dynamic Earth Laboratory,ERTH 101L,84151,1,S K Rowland
ERTH,Dynamic Earth Laboratory,ERTH 101L,84149,1,S K Rowland
ERTH,Dynamic Earth Laboratory,ERTH 101L,84150,1,S K Rowland
ERTH,Dynamic Earth Laboratory,ERTH 101L,84148,1,S K Rowland
ERTH,Dynamic Earth Laboratory,ERTH 101L,85537,1,S K Rowland
ERTH,Dynamic Earth Laboratory,ERTH 101L,84152,1,D E Eason
ERTH,Voyage through the Solar Systm,ERTH 105,86465,3,P A Englert
ERTH,Introduction to Volcanoes,ERTH 111,84156,3,T R Naumann
ERTH,Nat Disasters & Human History,ERTH 135,84157,3,S J Coats
ERTH,Geological InquiryRestriction: Major,ERTH 200,84158,4,A N Kamanu
ERTH,Igneous Petrology,ERTH 302,84162,3,T Shea
ERTH,Geological Field Methods,ERTH 305,84164,3,S K Rowland
ERTH,Work of Water,ERTH 306,85562,3,S K Rowland
ERTH,Sedimentary Processes/Enviro,ERTH 309,84166,4,H Asmar de Abreu Andrade
ERTH,Physics of Earth & Planets,ERTH 323,86401,4,R Dunn
ERTH,Undergraduate InternshipRestriction: Instructor Approval,ERTH 395,87484,1-3,H S Saito
ERTH,Introd to Mineral Physics,ERTH 401,89268,3,B Chen
ERTH,Hawaiian Geology,ERTH 402,89156,3,J Hammer
ERTH,Statistics & Data Analysis,ERTH 413,84234,3,H A Janiszewski
ERTH,"Beaches, Reefs, Climate Change",ERTH 420,89260,3,H H Kane
ERTH,Coastal Geochemistry,ERTH 440,89115,3,H Dulai
ERTH,Geological Remote Sensing,ERTH 460,89140,4,S K Rowland
ERTH,Geospatial Information,ERTH 461,87831,3,C K Shuler
ERTH,Planetary Geology,ERTH 466,88902,3,S A Fagents
ERTH,Explosive Volcanism,ERTH 601,89461,3,N Gauer Pasqualon
ERTH,Understanding Natural Disaster,ERTH 604,89210,3,S J Coats
ERTH,Graduate Seminar,ERTH 610,84189,1,G Severa
ERTH,Statistics & Data Analysis,ERTH 613,84235,3,H A Janiszewski
ERTH,Scientific Paper WritingRestriction: Major,ERTH 616,89465,3,R Economos
ERTH,Coastal Geology,ERTH 620,89261,3,H H Kane
ERTH,Seismology,ERTH 635,89137,3,S Wu
ERTH,Coastal Geochemistry,ERTH 640,89118,3,H Dulai
ERTH,Groundwater Modeling,ERTH 656,88169,3,X Geng
ERTH,Planetary Surfaces,ERTH 666,88904,3,S A Fagents
ERTH,Data Analysis Earth/Space Sci.,ERTH 691,89139,3,A K Haroon
ERTH,Spec Tpcs: Earth & Planet Sc(Basaltic Caldera-Forming Eruptions),ERTH 711,87852,3,A J Pietruszka
ERTH,Spec Tpcs: Earth & Planet Sc(Electron and Ion Microscopy ),ERTH 711,88475,3,E Dobrica
ES,Intro to Ethnic Studies,ES 101,80326,3,K Kajihiro
ES,Intro to Ethnic Studies,ES 101,80327,3,K Kajihiro
ES,Intro to Ethnic Studies,ES 101,80328,3,K Kajihiro
ES,Intro to Race & Ethnic Relatns,ES 214,85813,3,TBA
ES,African American Experience I,ES 305,83365,3,E L Caldwell
ES,"Race, Indigeneity, Environment",ES 308,88981,3,R Moran
ES,Hawaii & the Pacific,ES 320,85270,3,U Hasager
ES,Japanese & Okinawans in Hawaii,ES 330,80329,3,K Kajihiro
ES,Filipinos in Hawaii,ES 333,86674,3,M A Tagorda
ES,American Indian Experience,ES 338,84280,3,A B Castanha
ES,Land Tenure and Use in Hawaii,ES 340,84281,3,U Hasager
ES,Sounds of Race and Inequality,ES 345,88937,3,S A Usman
ES,Immigration to Hawaii & U.S.,ES 360,88938,3,M Das Gupta
ES,Field Work in Ethnic Studies,ES 380,84282,1-6,R N Labrador
ES,Field Work in Ethnic Studies,ES 380,82451,1-6,M Das Gupta
ES,Field Work in Ethnic Studies,ES 380,82450,1-6,T P Tengan
ES,Field Work in Ethnic Studies,ES 380,82449,1-6,U Hasager
ES,Field Work in Ethnic Studies,ES 380,82448,1-6,K Kajihiro
ES,Field Work in Ethnic Studies,ES 380,82452,1-6,M K Danico
ES,Field Work in Ethnic Studies,ES 380,88939,1-6,R Moran
ES,Field Work in Ethnic Studies,ES 380,89408,1-6,E L Caldwell
ES,Social Movements in Hawaii,ES 381,85256,3,P I Kutzen
ES,American Ethnic & Race Relatns,ES 420,88943,3,E L Caldwell
ES,Latinx Experience in Hawai'i,ES 470,84340,3,A B Castanha
ES,Peoples of Hawaii,ES 486,84355,3,K Kukahiko
ESL,Composition I 2nd Lang WritersRestriction: Department Approval,ESL 100,85106,3,TBA
ESL,Composition I 2nd Lang WritersRestriction: Department Approval,ESL 100,86375,3,TBA
ESL,Composition I 2nd Lang WritersRestriction: Department Approval,ESL 100,87257,3,TBA
FDM,Intro to the Fashion Industry,FDM 101,82337,3,A H Reilly
FDM,Basic Apparel Construction,FDM 205,82339,4,E M Robinson
FDM,Basic Apparel Construction,FDM 205,85293,4,E M Robinson
FDM,Fashion History,FDM 210,89515,3,C D'Angelo
FDM,Textiles I,FDM 221,82536,3,O Adeleke
FDM,Fashion Forecasting/Marketing,FDM 301,83379,3,TBA
FDM,Draping,FDM 315,85294,3,M K McCarthy
FDM,Group Collection Development,FDM 316,82341,3,O Adeleke
FDM,2D/3D Computer-Aided Design,FDM 338,85497,3,J Kang
FDM,3D Retail Store Design,FDM 339,88621,3,J Kang
FDM,Branding,FDM 367,85302,3,M V Cristi-Kim
FDM,Retail Buying & MerchandisingRestriction: Major,FDM 371,88724,3,M V Cristi-Kim
FDM,Merchandise Planning & ControlRestriction: Major,FDM 375,83594,3,Y Bahng
FDM,Fashion Museum Management,FDM 460,88622,3,A H Reilly
FDM,Global Trade and Sourcing,FDM 471,83380,3,Y Bahng
FDM,Topics in FashionRestriction: Instructor Approval,FDM 491,87554,1-6,M K McCarthy
FDM,Topics in FashionRestriction: Major,FDM 491,88193,4,M K McCarthy
FDM,Internship & Caps PortfolioRestriction: Major,FDM 492,88682,4,M V Cristi-Kim
FIL,Beginning Filipino,FIL 101,80991,4,A S Pasion
FIL,Beginning Filipino,FIL 101,82222,4,A S Pasion
FIL,Beginning Filipino,FIL 102,82223,4,P B Arao
FIL,Beginning Filipino,FIL 102,81831,4,I F Gasmen
FIL,Beginning Filipino,FIL 102,88762,4,A C Callo
FIL,Beginning Filipino,FIL 102,88763,4,M Balagulan
FIL,Intermediate Filipino,FIL 201,80992,4,A C Callo
FIL,Intermediate Filipino,FIL 202,80857,4,P B Arao
FIL,Third-Level Filipino II,FIL 302,82533,3,J E Parba
FIL,Fourth-Level Filipino II,FIL 402,87264,3,P C Arboleda
FIN,Personal Financial PlanningRestriction: College,FIN 301,82193,3,S C Lee
FIN,Personal Financial PlanningRestriction: College,FIN 301,88812,3,D C Corrado
FIN,Problems of Business FinanceRestriction: College,FIN 305,80330,3,C H Lu
FIN,Problems of Business FinanceRestriction: College,FIN 305,80331,3,C H Lu
FIN,Problems of Business FinanceRestriction: College,FIN 305,88813,3,C H Lu
FIN,Corporate Financial ManagementRestriction: College,FIN 307,86307,3,J Kim
FIN,InvestmentsRestriction: College,FIN 311,80332,3,W Huang
FIN,InvestmentsRestriction: College,FIN 311,82234,3,W Huang
FIN,International Business FinanceRestriction: College,FIN 321,83118,3,M Misawa
FIN,International Business FinanceRestriction: College,FIN 321,88814,3,A W Stauffer
FIN,Financial Aspcts of New VntrsRestriction: College,FIN 341,81799,3,B L Bystrom
FIN,Options and Other DerivativesRestriction: College,FIN 412,83035,3,T D Spilker
FIN,Security Analy & Portfolio MgtRestriction: College,FIN 415,85716,3,T D Spilker
FIN,Japanese Financial ManagementRestriction: College,FIN 490C,86348,3,M Misawa
FIN,Financial AnalysisRestriction: College,FIN 490D,88860,3,J Chen
FIN,Finance Estate PlanningRestriction: College,FIN 490F,83904,3,C K Saiki
FIN,Int'l Mon Sys & Global Fin MktRestriction: Major,FIN 625,83669,3,B L Bystrom
FIN,International BankingRestriction: Major,FIN 639,84274,3,B L Bystrom
FIN,Portfolio Optimization,FIN 653,85718,3,T D Spilker
FIN,Insurance and Risk Management,FIN 656,85717,3,J Ai
FIN,Foundations of Finance,FIN 701,83905,3,Q Liu
FIN,Corporate FinanceRestriction: Major,FIN 703,88859,3,J Chen
FMCH,Fam Med Longitudinal ClerkshpRestriction: Major,FMCH 532,84911,10,D F Lee
FMCH,FMCH Elec: Prim Care PrecptshpRestriction: Major,FMCH 545B,85758,1-18,S Yamada
FMCH,FMCH Elec: Tpcs/Community HlthRestriction: Major,FMCH 545C,85757,1-18,S Yamada
FMCH,FMCH Elec: Family Med Sub-IRestriction: Major,FMCH 545D,85759,1-18,S Yamada
FMCH,FMCH Elec: Extramural FM ElecRestriction: Major,FMCH 545E,85756,1-18,S Yamada
FMCH,FMCH Elec: Sprts Med PrecptshpRestriction: Major,FMCH 545F,85754,1-18,S Yamada
FMCH,FMCH Elec: Underserved CareRestriction: Major,FMCH 545G,84924,6,J S Omori
FMCH,FMCH Elec: Underserved CareRestriction: Major,FMCH 545G,85755,6,K Hernandez
FMCH,Directed Reading/Research,FMCH 599,84351,1-6,R T Carlisle
FMCH,Directed Reading/Research,FMCH 599,85785,1-6,N A Palafox
FMCH,Directed Reading/Research,FMCH 599,88794,1-6,M A Favreau
FR,Elementary French,FR 101,83899,3,J M Debrah
FR,Elementary French,FR 101,80990,3,J M Debrah
FR,Elementary French,FR 101,83660,3,J M Debrah
FR,Elementary French,FR 101,84305,3,J M Debrah
FR,Elementary French,FR 102,81496,3,D F Lenglare
FR,Elementary French,FR 102,83386,3,D F Lenglare
FR,Elementary French,FR 102,81626,3,D F Lenglare
FR,Elementary French,FR 102,83900,3,D F Lenglare
FR,Elementary French,FR 102,87723,3,L J Bousquet
FR,Elementary French,FR 102,80333,3,TBA
FR,Intermediate French,FR 201,85107,3,J M Huss
FR,Intermediate French,FR 201,85491,3,J M Huss
FR,Intermediate French,FR 202,85108,3,N Segeral
FR,Intermediate French,FR 202,85109,3,N Segeral
FR,Intermediate French,FR 202,85110,3,J M Huss
FR,Business French,FR 309,88739,3,J M Huss
FR,Survey of French Literature,FR 332,88710,3,M Garneau
FR,Survey of French Literature,FR 332,89390,3,M Garneau
FR,French-English Translation,FR 406,88709,3,N Segeral
FSHN,Intro to Food Preparation,FSHN 181,80334,3,L J Hackney
FSHN,Food Preparation Laboratory,FSHN 181L,80335,1,L J Hackney
FSHN,Food Preparation Laboratory,FSHN 181L,80336,1,L J Hackney
FSHN,The Science of Human Nutrition,FSHN 185,80337,3,C M Kwan
FSHN,The Science of Human Nutrition,FSHN 185,85263,3,C L Gibby
FSHN,The Science of Human Nutrition,FSHN 185,87301,3,J C Banna
FSHN,The Science of Human Nutrition,FSHN 185,87302,3,TBA
FSHN,Food Service Systems Mgmt,FSHN 311,81659,3,L J Hackney
FSHN,Lifespan NutritionRestriction: Major,FSHN 370,83507,3,J Wise
FSHN,Experimental FoodsRestriction: Instructor Approval,FSHN 381,82476,3,K K Ho
FSHN,Experimental Foods Lab,FSHN 381L,83139,1,K K Ho
FSHN,Nutritional AssessmentRestriction: Instructor Approval,FSHN 389,83060,3,C M Kwan
FSHN,Microbiology of Foods,FSHN 403,81136,3,Y Li
FSHN,Food Engineering,FSHN 411,82003,3,S Jun
FSHN,Food Chemistry,FSHN 430,85773,3,Z Yang
FSHN,Food Chemistry Laboratory,FSHN 430L,85774,1,Z Yang
FSHN,Food Quality Control,FSHN 445,88773,3,S Jun
FSHN,Comm Nutr and Ed,FSHN 451,83375,4,J C Banna
FSHN,Medical Nutrition Therapy IIRestriction: Instructor Approval,FSHN 468,81639,3,L J Hackney
FSHN,Nutrition in Exercise & Sport,FSHN 480,86751,3,J Wise
FSHN,Nutritional Biochemistry II,FSHN 486,80338,3,M Lee
FSHN,"Obesity, Science and Issues",FSHN 488,85701,2,C L Gibby
FSHN,Field ExperienceRestriction: Instructor Approval,FSHN 492,83880,4,M K Esquivel
FSHN,Food Sci CapstoneRestriction: Instructor Approval,FSHN 494,82556,3,K K Ho
FSHN,Dtcs Supervised PracticeRestriction: Instructor Approval,FSHN 667,85252,5,M K Esquivel
FSHN,Advanced Topics in DieteticsRestriction: Instructor Approval,FSHN 668,88592,1,A B Tousman
FSHN,Seminar in Nutritional Science,FSHN 681,84439,1,Z Yang
FSHN,Diet and Cancer Seminar,FSHN 785,87255,1,L A Seale
GEO,The Natural Environment,GEO 101,89011,3,D W Beilman
GEO,The Natural Environment,GEO 101,85111,3,B Lubura-Winchester
GEO,The Natural Environment Lab,GEO 101L,85052,1,K M Webster
GEO,The Natural Environment Lab,GEO 101L,85053,1,K M Webster
GEO,World Regional Geography,GEO 102,85112,3,O Myadar
GEO,World Regional Geography,GEO 102,84565,3,A G Shea
GEO,Geog & Contemporary Society,GEO 151,85113,3,D Dharmiasih
GEO,Geog & Contemporary Society,GEO 151,86557,3,B Lubura-Winchester
GEO,Introduction to Biogeography,GEO 309,87594,3,C Mora
GEO,Geography of Global Tourism,GEO 324,89088,3,M F Mostafanezhad
GEO,"Politics, Nations, and States",GEO 335,86558,3,R M Jones
GEO,Geography of Japan,GEO 352,87629,3,J A Kanemitsu
GEO,Geography of Hawaii,GEO 368,85114,3,K J Elkington
GEO,UAV and Aerial Photography,GEO 370,89023,3,Q Chen
GEO,Statistical Methods in Geog,GEO 380,85644,3,C Mora
GEO,Introduction to GIS,GEO 388,85048,3,Y Jiang
GEO,Past Global Change & Human Era,GEO 411,89109,3,TBA
GEO,Environmental Impact Assessmnt,GEO 412,89110,3,B Szuster
GEO,Resource Management in SE Asia,GEO 413,86562,3,B Szuster
GEO,"Agriculture, Food & Society",GEO 422,89456,3,K Suryanata
GEO,Political Geography of Oceans,GEO 435,89112,3,R M Jones
GEO,Geography of Peace and War,GEO 436,86564,3,O Myadar
GEO,Remote Sensing,GEO 470,85049,3,Q Chen
GEO,Field Mapping,GEO 472,85842,3,S Moore
GEO,GIS for Social Sciences,GEO 487,89091,3,Y Jiang
GEO,GIS for Environmental Sciences,GEO 489,87631,3,J K Levy
GEO,Practicum in GeographyRestriction: Major,GEO 492,85663,1-6,M Karides
GEO,Capstone Undergraduate SeminarRestriction: Major,GEO 493,85050,3,M Karides
GEO,Seminar in Climatology,GEO 600,89093,3,A K Kagawa-Viviani
GEO,Research Design/Methods Geog,GEO 696,85051,3,M Karides
GEO,Rsch Sem: Cultural Geography,GEO 757,89096,3,H Jiang
GER,Elementary German,GER 101,81697,3,K B Hammerich
GER,Elementary German,GER 102,81628,3,A B Hawajska-Waters
GER,Elementary German,GER 102,81795,3,K B Hammerich
GER,Intermediate German,GER 201,81491,3,A B Hawajska-Waters
GER,Intermediate German,GER 202,82000,3,A B Hawajska-Waters
GER,Intermediate German,GER 202,82751,3,A B Hawajska-Waters
GER,Conversation,GER 306,88541,3,M E Overstreet
GER,Reading Freedom Happiness FKK,GER 308,88542,3,M E Overstreet
GERI,Geriatric & Palliative MedRestriction: Department Approval,GERI 541,84632,6,K T Lubimir
GERI,Geriatric Medicine ResearchRestriction: Major,GERI 542,85967,6-12,K H Masaki
GERI,Directed Reading and Research,GERI 599,88988,1-6,K H Masaki
GES,Global Envirnmntal Science SemRestriction: Major,GES 100,84230,1,M W Guidry
GES,Intr Env Climate Change & Sust,GES 102,84231,3,M Cooney
GES,Intr Env Climate Change & Sust,GES 102,85234,3,M Cooney
GES,Intr Env Climate Change & Sust,GES 102,85237,3,M Cooney
GES,Intr Env Climate Change & Sust,GES 102,85240,3,M Cooney
GES,Intr. Env. Sci. & Sus. Lab,GES 102L,85775,1,M Cooney
GES,GES Thesis ProposalRestriction: Major,GES 302,86667,1,M W Guidry
GES,Changing Earth & Climate SysRestriction: Major,GES 311,85648,3,G S Carter
GES,Aquatic PollutionRestriction: Major,GES 320,84232,3,R A Alegado
GES,Adv. Env. Data ScienceRestriction: Major,GES 471,88910,3,B S Powell
GES,Communictn of Research ResultsRestriction: Major,GES 490,84233,2,P R Thompson
GRK,Elementary Greek,GRK 102,88656,3,L N Hamasaki
HAW,Lang. in Hawai'i:Global Issues,HAW 100,81601,3,L K Mayo
HAW,Lang. in Hawai'i:Global Issues,HAW 100,81794,3,J T Honda
HAW,Lang. in Hawai'i:Global Issues,HAW 100,81982,3,TBA
HAW,Lang. in Hawai'i:Global Issues,HAW 100,82730,3,TBA
HAW,Lang. in Hawai'i:Global Issues,HAW 100,85304,3,TBA
HAW,Lang. in Hawai'i:Global Issues,HAW 100,88816,3,T K Lopes
HAW,Lang. in Hawai'i:Global Issues,HAW 100,85305,3,TBA
HAW,Lang. in Hawai'i:Global Issues,HAW 100,86343,3,TBA
HAW,Lang. in Hawai'i:Global Issues,HAW 100,84446,3,J K Lono
HAW,Lang. in Hawai'i:Global Issues,HAW 100,85306,3,J K Lono
HAW,Lang. in Hawai'i:Global Issues,HAW 100,84443,3,J K Lono
HAW,Lang. in Hawai'i:Global Issues,HAW 100,84444,3,J K Lono
HAW,Lang. in Hawai'i:Global Issues,HAW 100,87468,3,P K Ah Mook Sang
HAW,Lang. in Hawai'i:Global Issues,HAW 100,87469,3,P K Ah Mook Sang
HAW,Lang. in Hawai'i:Global Issues,HAW 100,84445,3,P K Ah Mook Sang
HAW,Lang. in Hawai'i:Global Issues,HAW 100,82540,3,P K Ah Mook Sang
HAW,Elementary Hawaiian I,HAW 101,81983,4,TBA
HAW,Elementary Hawaiian I,HAW 101,81249,4,TBA
HAW,Elementary Hawaiian I,HAW 101,80344,4,TBA
HAW,Elementary Hawaiian I,HAW 101,81382,4,TBA
HAW,Elementary Hawaiian I,HAW 101,81383,4,TBA
HAW,Elementary Hawaiian I,HAW 101,82731,4,J T Honda
HAW,Elementary Hawaiian I,HAW 101,84239,4,TBA
HAW,Elementary Hawaiian II,HAW 102,80345,4,J K Stone
HAW,Elementary Hawaiian II,HAW 102,82228,4,K K Foster
HAW,Elementary Hawaiian II,HAW 102,85307,4,R D Solis
HAW,Elementary Hawaiian II,HAW 102,81984,4,J K Stone
HAW,Elementary Hawaiian II,HAW 102,86344,4,K K Foster
HAW,Elementary Hawaiian II,HAW 102,81250,4,L K Mayo
HAW,Elementary Hawaiian II,HAW 102,82539,4,J K Stone
HAW,Elementary Hawaiian II,HAW 102,84456,4,K K Foster
HAW,Elementary Hawaiian II,HAW 102,88817,4,L K Mayo
HAW,Elementary Hawaiian II,HAW 102,88828,4,TBA
HAW,Elementary Hawaiian II,HAW 102,87472,4,J T Honda
HAW,Elementary Hawaiian II,HAW 102,83332,4,J A Chun-Lum
HAW,Intermediate Hawaiian I,HAW 201,81384,4,TBA
HAW,Intermediate Hawaiian I,HAW 201,81385,4,TBA
HAW,Intermediate Hawaiian I,HAW 201,81985,4,C M Tabor
HAW,Intermediate Hawaiian II,HAW 202,81498,4,M K Wong
HAW,Intermediate Hawaiian II,HAW 202,81986,4,C M Tabor
HAW,Intermediate Hawaiian II,HAW 202,82549,4,M K Wong
HAW,Intermediate Hawaiian II,HAW 202,84457,4,C M Tabor
HAW,Intermediate Hawaiian II,HAW 202,88832,4,A A Rozet
HAW,Intermediate Hawaiian II,HAW 202,82543,4,M K Wong
HAW,Intermediate Hawaiian II,HAW 202,81386,4,A A Rozet
HAW,Third-Level Hawaiian I,HAW 301,82541,3,R S Koga
HAW,Third-Level Hawaiian I,HAW 301,81987,3,R S Koga
HAW,Third-Level Hawaiian II,HAW 302,81156,3,N H Solomon
HAW,Third-Level Hawaiian II,HAW 302,84238,3,E Y Martin
HAW,Third-Level Hawaiian II,HAW 302,80844,3,E Y Martin
HAW,Hawaiian Conversation,HAW 321,81251,3,E Y Martin
HAW,Hawaiian Conversation,HAW 321,88818,3,N H Solomon
HAW,Listening Comp & Transcription,HAW 332,81602,3,C M Baker
HAW,Composers & their Compositions,HAW 384,88831,3,R K Lopes
HAW,Fourth-Level Hawaiian I,HAW 401,87475,3,C M Baker
HAW,Fourth-Level Hawaiian II,HAW 402,80346,3,K K de Silva
HAW,Fourth-Level Hawaiian II,HAW 402,81988,3,K L Wong
HAW,Haku Moolelo,HAW 431,88830,3,K K de Silva
HAW,E Pu Pa'akai Kakou,HAW 434,87477,3,A A Rozet
HAW,Na Politika Ma Ka Nuhou Hawaii,HAW 445,89313,3,N K Silva
HAW,Structure of Hawaiian,HAW 452,83120,3,K L Wong
HAW,History of Hawaiian Language,HAW 454,88887,3,N H Solomon
HAW,'Olelo No'eau,HAW 488,88819,3,R D Solis
HAW,Kakaolelo,HAW 602,88821,3,K L Wong
HAW,Haku Palapala Noi Laeo'o,HAW 604,83122,3,K K de Silva
HAW,Mo'olelo Hawai'i,HAW 625,88822,3,C M Baker
HAW,Mea Kakau: Kanepu'u,HAW 638E,88823,3,R D Solis
HDFS,Human Development,HDFS 230,83818,3,N Hardy
HDFS,Human Development,HDFS 230,83819,3,K A O'Dell
HDFS,Infancy & Early Childhood,HDFS 331,83821,3,R H Kuwahara
HDFS,Childhood,HDFS 332,83822,3,R H Kuwahara
HDFS,Adolescence & Early Adulthood,HDFS 333,87278,3,J G Souza
HDFS,Middle Age and Aging,HDFS 334,85790,3,L A Yancura
HDFS,"Intimacy, Marriages & Families",HDFS 340,83823,3,J G Souza
HDFS,"Intimacy, Marriages & Families",HDFS 340,83824,3,S Eng
HDFS,ParentingRestriction: Major,HDFS 341,83825,3,R H Kuwahara
HDFS,Leadership and Group Process,HDFS 350,83826,3,T N Le
HDFS,Community Needs & Resources,HDFS 352,87991,3,S Eng
HDFS,Family Resource ManagementRestriction: Major,HDFS 360,87553,3,H Zan
HDFS,Family Financial Planning,HDFS 361,83827,3,L Lee
HDFS,Soft Skills in the Workplace,HDFS 365,84241,3,M Cheang
HDFS,Research MethodologyRestriction: Major,HDFS 380,83828,3,N Hardy
HDFS,Research Methodology LabRestriction: Major,HDFS 380L,83829,1,M Soares Miehlstein
HDFS,Research Methodology LabRestriction: Major,HDFS 380L,83830,1,M Soares Miehlstein
HDFS,Mindfulness & Skillful Living,HDFS 435,88623,3,T N Le
HDFS,Family Public Policy,HDFS 454,86175,3,B W Yee
HDFS,InternshipRestriction: Major,HDFS 492,83831,4,G L Yamashita
HDFS,InternshipRestriction: Major,HDFS 492,86624,4,G L Yamashita
HDFS,Capstone PortfolioRestriction: Major,HDFS 495,83832,3,M Cheang
HDFS,Capstone PortfolioRestriction: Major,HDFS 495,83833,3,M Cheang
HIST,World History to 1500,HIST 151,84611,3,F T Lopez-Lazaro
HIST,World History to 1500,HIST 151,84612,3,F T Lopez-Lazaro
HIST,World History since 1500,HIST 152,84575,3,F T Lopez-Lazaro
HIST,World History since 1500,HIST 152,84576,3,F T Lopez-Lazaro
HIST,World History since 1500,HIST 152,89128,3,N O Bertz
HIST,World History since 1500,HIST 152,89147,3,N O Bertz
HIST,World History since 1500,HIST 152,89149,3,N O Bertz
HIST,World History since 1500,HIST 152,89150,3,N O Bertz
HIST,World History since 1500,HIST 152,89152,3,N O Bertz
HIST,World History since 1500,HIST 152,89154,3,N O Bertz
HIST,Global Environmental History,HIST 157,86630,3,F S Zelko
HIST,Intro to American History,HIST 281,87440,3,B P Dawson
HIST,Oceania Survey,HIST 288,84294,3,M C LaBriola
HIST,Modern Southeast Asia,HIST 306,86471,3,M A Lanzona
HIST,History of China,HIST 312,87442,3,E L Davis
HIST,Way of Tea in Jpn Hist & Cult,HIST 323,85496,3,N K Stalker
HIST,The Samurai of Japan,HIST 324,87443,3,M T McNally
HIST,Beyond Palaces: Korea Origins,HIST 327,87444,3,S Kim
HIST,Ancient Rome: the Empire(The Empire),HIST 334,89189,3,K Serratos
HIST,European Intellectual History,HIST 337,87446,3,M Lauzon
HIST,France in the Old Regime,HIST 345,89190,3,M Lauzon
HIST,Women in Oceania,HIST 366,89191,3,M C LaBriola
HIST,Global History of Sport,HIST 368,89193,3,N O Bertz
HIST,US Foreign Relations From 1898,HIST 372,89209,3,S J Reiss
HIST,Am Thought & Culture:  20th C,HIST 374,89208,3,P M Patterson
HIST,Am Thought & Culture:  20th C,HIST 374,89315,3,P M Patterson
HIST,Am Thought & Culture:  20th C,HIST 374,89318,3,P M Patterson
HIST,Am Thought & Culture:  20th C,HIST 374,89316,3,P M Patterson
HIST,Am Thought & Culture:  20th C,HIST 374,89317,3,P M Patterson
HIST,Am Thought & Culture:  20th C,HIST 374,89314,3,P M Patterson
HIST,American Empire,HIST 379,88266,3,B P Dawson
HIST,Caribbean History,HIST 386,86464,3,N Njoroge
HIST,The Asia-Pacific War,HIST 389,85411,3,Y Totani
HIST,Theory & Method:HistoriographyRestriction: Major,HIST 396B,83919,3,M T McNally
HIST,Society & Culture: Trad. China,HIST 411,89207,3,S Wang
HIST,Chinese Intellectual History,HIST 416,87448,3,E L Davis
HIST,The Search for Modern China,HIST 419,89206,3,T D Patton
HIST,Women in East Asian History,HIST 425,89205,3,N K Stalker
HIST,WWII & Making Modern Asia/Pac,HIST 438,89204,3,Y Totani
HIST,Histry & Lit: World/Comparatve(History and Literature in the Anthropocene),HIST 451E,89201,3,F S Zelko
HIST,The American Revolution,HIST 458,89203,3,M Daniel
HIST,The Cold War,HIST 469,89202,3,J Rosa
HIST,Histories of Oceania II,HIST 482,89199,3,J D Foukona
HIST,United States in the Pacific,HIST 483,89200,3,N P Dolim
HIST,History of 20th Century Hawaii,HIST 485,86468,3,J Rosa
HIST,Senior Tutorial in HistoryRestriction: Major,HIST 496,85473,3,M Daniel
HIST,Topics in World History,HIST 610,82538,3,W Wang
HIST,Adv Rdngs in Euro Hist: Modern,HIST 611E,89198,3,C K Matteson
HIST,Intro to Cultural Studies,HIST 613,89196,3,N Njoroge
HIST,Topics in Methods and Theory(Tropics in Methods and Theory),HIST 616,89195,3,N P Dolim
HIST,Comparative Asia,HIST 650,87453,3,C H Kim
HIST,Seminar: Modern SEA History,HIST 658,89192,3,M A Lanzona
HIST,Topics in Histories of Oceania,HIST 675,85480,3,J D Foukona
HNDI,Elementary Hindi II,HNDI 102,84414,3,S P Bhatawadekar
HNDI,Intermediate Hindi II,HNDI 202,85424,3,S P Bhatawadekar
HNDI,Third-Level Hindi: Film,HNDI 302,86631,3,S P Bhatawadekar
HON,Intro to Research at Manoa,HON 101,85398,3,R R Peterman
HON,Intro to Research at Manoa,HON 101,88944,3,B D Watson
HON,Sophomore Sem: Humanities,HON 291H,88945,3,M C LaBriola
HON,Sophomore Sem: Social Sci,HON 291S,85400,3,B S Sandlin
HON,Sophomore Sem: Literature,HON 291T,88949,3,E J Yoon
HON,Sophomore Sem: Literature,HON 291T,88950,3,D Desser
HON,Sophomore Sem: Literature,HON 291T,88951,3,N Chandra
HON,Sophomore Sem: Literature,HON 291T,89242,3,C G Franklin
HON,Off Campus Study ProjectRestriction: Instructor Approval,HON 330,83364,1-3,S J Brown
HON,Learn the Publication Process,HON 340,84240,3,S Ní Dhonacha
HON,Junior Seminar,HON 491,88166,3,K K Hosoda
HON,Junior Seminar,HON 491,89177,3,J E Pettit
HON,Honors Workshop,HON 494,85115,0,S J Brown
HON,Honors Thesis Proposal,HON 495,85962,3,A U Sy
HON,Honors Thesis Proposal,HON 495,87283,3,B D Watson
HON,Honors Thesis Proposal,HON 495,89371,3,B D Watson
HON,Senior Honors Project,HON 496,80377,3,S J Brown
HON,Senior Honors Project,HON 496,80378,3,S J Brown
HON,Senior Honors Project,HON 496,83422,3,S J Brown
HON,Senior Honors Project,HON 496,86717,3,S J Brown
HON,Senior Honors Project,HON 496,88187,3,S J Brown
HON,Directed Reading/ResearchRestriction: Instructor Approval,HON 499,82754,1-12,S J Brown
HRM,Human Resource ManagementRestriction: College,HRM 351,81394,3,H D Nguyen
HRM,Human Resource ManagementRestriction: College,HRM 351,84348,3,H D Nguyen
HRM,Leadership and Group DynamicsRestriction: College,HRM 353,84251,3,W Sohn
HRM,Labor ProblemsRestriction: College,HRM 361,84250,3,W F Donahue
HRM,Labor and Social LegislationRestriction: College,HRM 365,85267,3,W F Donahue
HRM,The Staffing ProcessRestriction: College,HRM 455,83948,3,K M Miyashiro
HRM,Negotatn/Wrkplce Dispute ResolRestriction: College,HRM 463,86293,3,R J Robinson
HRM,Training and DevelopmentRestriction: Major,HRM 468,88645,3,D P Bhawuk
HWST,Hawaii: Center of the Pacific,HWST 107,83955,3,E M Kaiama
HWST,Hawaii: Center of the Pacific,HWST 107,80379,3,N K Ryan
HWST,Hawaii: Center of the Pacific,HWST 107,82735,3,W N Souza
HWST,Hawaii: Center of the Pacific,HWST 107,81366,3,E M Kaiama
HWST,Hawaii: Center of the Pacific,HWST 107,81368,3,N K Ryan
HWST,Hawaii: Center of the Pacific,HWST 107,82736,3,B M Shishido
HWST,Hawaii: Center of the Pacific,HWST 107,81367,3,K K Keala
HWST,Hawaii: Center of the Pacific,HWST 107,81369,3,W N Souza
HWST,Hawaii: Center of the Pacific,HWST 107,83336,3,N K Ryan
HWST,Hawaii: Center of the Pacific,HWST 107,83854,3,W N Souza
HWST,Hawaii: Center of the Pacific,HWST 107,83855,3,W N Souza
HWST,Hawaii: Center of the Pacific,HWST 107,84324,3,N M Lopes
HWST,Hawaii: Center of the Pacific,HWST 107,85564,3,N M Lopes
HWST,Hawaii: Center of the Pacific,HWST 107,85565,3,N M Lopes
HWST,Hawaii: Center of the Pacific,HWST 107,81371,3,E M Kaiama
HWST,Hawaii: Center of the Pacific,HWST 107,85567,3,B M Shishido
HWST,Hawaii: Center of the Pacific,HWST 107,85566,3,N M Lopes
HWST,Hawaii: Center of the Pacific,HWST 107,81370,3,E M Kaiama
HWST,Hawaii: Center of the Pacific,HWST 107,86540,3,B M Shishido
HWST,Hawaii: Center of the Pacific,HWST 107A,89181,3,B M Shishido
HWST,Hawn Perspectives in Ahupua'a,HWST 207,87707,3,K J Elkington
HWST,Intro to Hawaiian Paint & Draw,HWST 224,88035,3,A A Drexel
HWST,Intro to Hawaiian Printmaking,HWST 225,87810,4,E A Spenser
HWST,Hawaiian Mythology,HWST 270,80840,3,L Kame'eleihiwa
HWST,Hawaiian Mythology,HWST 270,89214,3,L Kame'eleihiwa
HWST,Hookele II: Hawaiian Navigatn,HWST 282,88136,3,K M Murphy
HWST,La'au Lapa'au I: Hawn Med He,HWST 285,83652,4,K K Baclayon
HWST,Perspectives in Hawn Studies(He ʻĀina Hoʻi - Land Back Strategies Across Moananuiākea & Beyond),HWST 301,85854,3,M Wright
HWST,Perspectives in Hawn Studies(He ʻĀina Hoʻi - Land Back Strategies Across Moananuiākea & Beyond),HWST 301,86541,3,M Wright
HWST,Ke Ha'a La: Intermediate Hula,HWST 312,87683,3,N K Ryan
HWST,Advanced Hawaiian Fiberarts,HWST 322,87809,4,E A Spenser
HWST,Hawaiian GenealogiesRestriction: Major,HWST 341,81503,3,S T Kikiloi
HWST,Hawaiian GenealogiesRestriction: Major,HWST 341,85582,3,L Kame'eleihiwa
HWST,Hawaiian GenealogiesRestriction: Major,HWST 341,89227,3,L Kame'eleihiwa
HWST,Chiefs of Post Contact HawaiiRestriction: Major,HWST 342,80381,3,A A Drexel
HWST,Myths of Hawaiian HistoryRestriction: Major,HWST 343,84325,3,L M Keawe
HWST,Mahi'ai Kalo II: Advanced Tar,HWST 352,80382,3,E C Cashman
HWST,Pana Paemoku o Kanaloa: NWHI,HWST 365,87711,3,S T Kikiloi
HWST,Laau Lapaau Hoi Ka Mana i Loko,HWST 385,82738,4,K K Baclayon
HWST,Issues in Modern Hawaii,HWST 390,84326,3,L M Keawe
HWST,Native Hwn Rights & Practices,HWST 396,87739,3,M K Akutagawa
HWST,Intro to Indigenous Research,HWST 442,89235,3,A L Freitas
HWST,Hawai'i Post-Coup Land Laws,HWST 443,89237,3,M Wright
HWST,Hawai'i Post-Coup Land Laws,HWST 443,89238,3,M Wright
HWST,Senior Seminar in Hawn Studies(The UN & the Permanent Forum on Indigenous Issues),HWST 490,89231,3,L Kame'eleihiwa
HWST,Senior Capstone Project HWSTRestriction: Major,HWST 491,86542,2,J J Basham
HWST,Senior Capstone Project HWSTRestriction: Major,HWST 491,86656,2,J J Basham
HWST,Review of Hawaiian Literature,HWST 603,81138,3,A A Drexel
HWST,Writing a Hawaiian Thesis,HWST 604,86544,3,J J Basham
HWST,'Ike Pono - Vis/Cult Interp,HWST 620,89232,3,A A Drexel
HWST,Moolelo Oiwi: Hist Perspectves,HWST 640,89269,3,K K Keala
HWST,Kanawai Lawai'a,HWST 652,87685,3,M K Akutagawa
HWST,"Leadership, Land and Resources",HWST 659,89502,3,K B Beamer
HWST,"Sovereign State, Kingdom Law",HWST 691,86657,3,W K Kauai
HWST,"Sovereign State, Kingdom Law",HWST 691,89234,3,W K Kauai
ICS,Tools for the Info World,ICS 101,84581,3,M C Ogawa
ICS,Tools for the Info World,ICS 101,84582,3,M C Ogawa
ICS,Tools for the Info World,ICS 101,84583,3,M C Ogawa
ICS,Tools for the Info World,ICS 101,85531,3,M C Ogawa
ICS,Tools for the Info World,ICS 101,84584,3,M C Ogawa
ICS,Tools for the Info World,ICS 101,84585,3,M C Ogawa
ICS,Programming: Python,ICS 110P,85533,3,P Seidel
ICS,Intro to Computer Science I,ICS 111,80863,4,C A Moore
ICS,Intro to Computer Science I,ICS 111,82757,4,C A Moore
ICS,Intro to Computer Science I,ICS 111,81635,4,C A Moore
ICS,Intro to Computer Science I,ICS 111,81828,4,C A Moore
ICS,Intro to Computer Science I,ICS 111,86371,4,C A Moore
ICS,Discrete Math for CS I,ICS 141,83922,3,A A Popov
ICS,Discrete Math for CS I,ICS 141,81362,3,A A Popov
ICS,Intro to Computer Science II,ICS 211,81363,4,E Biagioni
ICS,Intro to Computer Science II,ICS 211,81997,4,E Biagioni
ICS,Intro to Computer Science II,ICS 211,83734,4,E Biagioni
ICS,Intro to Computer Science II,ICS 211,85583,4,E Biagioni
ICS,Program Structure,ICS 212,81497,3,R Narayan
ICS,Program Structure,ICS 212,82758,3,R Narayan
ICS,Discrete Mathematics II,ICS 241,80864,3,A A Popov
ICS,Discrete Mathematics II,ICS 241,82759,3,A A Popov
ICS,Algorithms,ICS 311,80865,4,K M Berney
ICS,Algorithms,ICS 311,82760,4,K M Berney
ICS,Algorithms,ICS 311,87560,4,K M Berney
ICS,Machine-Lvl & Systems ProgramgRestriction: Major,ICS 312,87759,3,H Casanova
ICS,Programming Language Theory,ICS 313,86636,3,D B Conner
ICS,Software Engineering I,ICS 314,81998,3,D B Conner
ICS,Software Engineering I,ICS 314,82240,3,I De Oliveira Santos
ICS,Software Engineering I,ICS 314,86359,3,TBA
ICS,Software Engineering I,ICS 314,86360,3,C A Moore
ICS,Database Systems I,ICS 321,81797,3,Y Wang
ICS,Operating Systems,ICS 332,83072,3,H Casanova
ICS,Security and Trust I,ICS 355,83433,3,P Seidel
ICS,AI Programming,ICS 361,88228,3,K A Binsted
ICS,Computational Media SystemsRestriction: Major,ICS 369,85656,3,K Kardan
ICS,Computing Ethics for LAsRestriction: Instructor Approval,ICS 390,81364,3,M E Crosby
ICS,Software Engineering II,ICS 414,83071,3,C A Moore
ICS,Computer Security and Ethics,ICS 425,81829,3,D B Conner
ICS,Blockchain & Cryptocurrencies,ICS 429,89016,3,E Biagioni
ICS,Data Science Fundamentals,ICS 434,85634,3,K Baek
ICS,Machine Learning Fundamentals,ICS 435,83389,3,H Zhang
ICS,Data Networks,ICS 451,87767,3,R Narayan
ICS,Human Computer Interaction I,ICS 464,88194,3,N Kirshenbaum
ICS,Cognitive ScienceRestriction: Major,ICS 469,87562,3,M E Crosby
ICS,Topics in Computer Graphics,ICS 482,87769,3,K Kardan
ICS,Video Game Design,ICS 485,85227,3,J Leigh
ICS,Video Game Design,ICS 485,86763,3,D B Conner
ICS,Digital Content Creation II,ICS 488,89019,4,K Kardan
ICS,Special Topics,ICS 491,89042,3,M Tarrit Mirakhorli
ICS,Capstone ProjectRestriction: Major,ICS 496,85693,3,D B Conner
ICS,Capstone Project(CCM)Restriction: Instructor Approval,ICS 496,89030,3,K Kardan
ICS,Computer Project,ICS 499,86712,1-6,P J Sadowski
ICS,Analysis of Algorithms,ICS 621,89039,3,N S Sitchinava
ICS,Advanced Data ManagementRestriction: Major,ICS 624,87781,3,Y Wang
ICS,Advanced Parallel Algorithms,ICS 643,89040,3,N S Sitchinava
ICS,Adv Artificial Intelligence,ICS 661,89041,3,K A Binsted
ICS,Topics in CS: Area 1,ICS 691B,87783,3,K Tarrit Mirakhorli
ICS,Topics in CS: Area 4,ICS 691E,86361,3,J Leigh
ICS,Topics Seminar,ICS 692,86756,3,P J Sadowski
ICS,Adv Special Topics in Security,ICS 695,89043,3,D Pavlovic
ICS,Directed Reading or Research,ICS 699,84502,1-12,P J Sadowski
ICS,Thesis Research,ICS 700,84548,1-12,P J Sadowski
ICS,Dissertation Research,ICS 800,86711,1-12,P J Sadowski
ILO,Beginning Ilokano I,ILO 101,85430,4,C C Montero
ILO,Beginning Ilokano II,ILO 102,87318,4,C C Montero
ILO,Intermediate Ilokano I,ILO 201,86377,4,D A Domingo
ILO,Intermediate Ilokano II,ILO 202,88764,4,D A Domingo
ILO,Third-Level Ilokano,ILO 302,88765,3,D A Domingo
ILO,Fourth-Level Ilokano,ILO 402,88766,3,D A Domingo
IND,Elementary Indonesian I,IND 101,89179,3,TBA
IND,Elementary Indonesian I,IND 101,89374,3,TBA
IP,"Bollywood Dance, Music, & Film",IP 303,85698,3,S P Bhatawadekar
IP,SE Asn Food Music & Ritual:PHL,IP 360P,85425,3,I F Gasmen
IP,SE Asn Food Music & Ritual:PHL,IP 360P,85426,3,I F Gasmen
IP,SE Asn Food Music & Ritual:PHL,IP 360P,85427,3,I F Gasmen
IP,SE Asn Food Music & Ritual:PHL,IP 360P,85428,3,D A Sana
IP,SE Asn Food Music & Ritual:PHL,IP 360P,88308,3,C G Cruz
IP,SE Asn Food Music & Ritual:VIE,IP 360V,85798,3,J T Tran
IP,Philippine Popular Culture,IP 364,81618,3,N A Ortega
IP,Philippine Popular Culture,IP 364,86032,3,N A Ortega
IP,Philippine Popular Culture,IP 364,83384,3,N A Ortega
IP,Philippine Popular Culture,IP 364,83634,3,G C Euplas
IP,Literatures of Ancient India,IP 366,87953,3,J R Knutson
IP,Intro to S/SE Asian Film: PHL,IP 368P,88767,3,N A Ortega
IP,SE Travelogue: PPL Places:PHL,IP 370P,87265,3,P C Arboleda
IP,SE Travelogue: PPL Places:VIET,IP 370V,87277,3,M T Nguyen
IP,Literary-Cultural Relations,IP 391,85464,3,A S Agcaoili
IP,Philippine Sociolinguistics,IP 394,85429,3,J E Parba
IP,Philpn Lit/Folklore in Transla,IP 396,85827,3,P B Arao
IP,Rizal's Lit Works in Translat,IP 431,88768,3,P C Arboleda
IS,Ocean Internships and ResearchRestriction: Instructor Approval,IS 400,85746,1-12,C L Hunter
IS,One Health SeminarRestriction: Instructor Approval,IS 490,86672,2,M C Medeiros
ITAL,Elementary Italian,ITAL 102,88712,3,M Garneau
ITAL,Elementary Italian,ITAL 102,88714,3,TBA
ITM,Project ManagementRestriction: College,ITM 321,84353,3,W N Huynh
ITM,Programming Application SystemRestriction: College,ITM 352,80400,3,R Kazman
ITM,Information Sys Analysis & DsnRestriction: College,ITM 353,81377,3,R K Minas
ITM,Computer and Data SystemsRestriction: College,ITM 354,80401,3,H Chen
ITM,"Adv Topic IS: Technology(Artificial Intelligence, Machine Learning, and Business Applications)Restriction: College",ITM 387E,86568,3,C Y Jeong
ITM,Networking and SecurityRestriction: College,ITM 431,81960,3,E Merc
ITM,Business Data Analytics,ITM 683,84352,3,E Merc
ITM,Enterprise Systems ManagementRestriction: Major,ITM 684,85387,3,S Aurigemma
ITM,Digitally-Enabled Bus Process,ITM 685,85388,3,R K Minas
ITM,Doctoral Sem in Infor SystemsRestriction: Major,ITM 704,84437,3,B Xiao
JOUR,Journalism and Society,JOUR 150,83353,3,Y Kim
JOUR,Intro to Multimedia Journalism,JOUR 200,83841,3,B P Baraquio
JOUR,Media Writing,JOUR 250,83161,3,B R Oppegaard
JOUR,ReportingRestriction: Major,JOUR 300,82504,3,J S Gorbach
JOUR,Magazine Writing,JOUR 325,85243,3,E M Stinton
JOUR,Video Journalism,JOUR 330,82505,3,Y Kim
JOUR,Communication & LawRestriction: Major,JOUR 365,87802,3,C A Scheopner
JOUR,PracticumRestriction: Department Approval,JOUR 385,82506,1-3,J Temple
JOUR,PracticumRestriction: Department Approval,JOUR 385,89061,1-3,Y Kim
JOUR,PracticumRestriction: Department Approval,JOUR 385,89062,1-3,B R Oppegaard
JOUR,PracticumRestriction: Department Approval,JOUR 385,89063,1-3,J S Gorbach
JOUR,Wkshp in Multimedia Journalism(Podcasting)Restriction: Major,JOUR 390E,89060,1-3,J S Gorbach
JOUR,Global CommunicationRestriction: Major,JOUR 475,89064,3,B R Oppegaard
JOUR,Innovation & EntrepreneurshipRestriction: Major,JOUR 481,83842,3,J Temple
JOUR,InternshipRestriction: Instructor Approval,JOUR 485,82507,3,J S Gorbach
JOUR,InternshipRestriction: Instructor Approval,JOUR 485,88376,3,J Temple
JOUR,InternshipRestriction: Instructor Approval,JOUR 485,88377,3,Y Kim
JOUR,InternshipRestriction: Instructor Approval,JOUR 485,89065,3,B R Oppegaard
JPN,Elementary Japanese I,JPN 101,85116,4,P C Woo
JPN,Elementary Japanese I,JPN 101,85117,4,TBA
JPN,Elementary Japanese I,JPN 101,85118,4,TBA
JPN,Elementary Japanese I,JPN 101,85119,4,TBA
JPN,Elementary Japanese I,JPN 101,85120,4,TBA
JPN,Elementary Japanese I,JPN 101,85471,4,Y Murakami
JPN,Elementary Japanese I,JPN 101,85121,4,TBA
JPN,Elementary Japanese I,JPN 101,85122,4,T Iwai
JPN,Elementary Japanese II,JPN 102,85123,4,Y Murakami
JPN,Elementary Japanese II,JPN 102,85468,4,TBA
JPN,Elementary Japanese II,JPN 102,85469,4,Y Wada
JPN,Elementary Japanese II,JPN 102,85124,4,Y Wada
JPN,Elementary Japanese II,JPN 102,85125,4,P C Woo
JPN,Elementary Japanese II,JPN 102,85126,4,TBA
JPN,Elementary Japanese II,JPN 102,88793,4,Y Murakami
JPN,Elementary Japanese II,JPN 102,85127,4,H Uchida
JPN,Elementary Japanese II,JPN 102,85128,4,H Uchida
JPN,Elementary Japanese II,JPN 102,85470,4,P C Woo
JPN,Intermediate Japanese I,JPN 201,85129,4,M Mito
JPN,Intermediate Japanese I,JPN 201,85130,4,M Mito
JPN,Intermediate Japanese I,JPN 201,85131,4,E Murayama
JPN,Intermediate Japanese I,JPN 201,85132,4,TBA
JPN,Intermediate Japanese I,JPN 201,85133,4,E Murayama
JPN,Intermediate Japanese II,JPN 202,85134,4,S A Curry
JPN,Intermediate Japanese II,JPN 202,85135,4,S A Curry
JPN,Intermediate Japanese II,JPN 202,85136,4,TBA
JPN,Intermediate Japanese II,JPN 202,85137,4,TBA
JPN,Intermediate Japanese II,JPN 202,85138,4,TBA
JPN,Intermediate Japanese II,JPN 202,85139,4,Y Tateyama
JPN,Intermediate Japanese II,JPN 202,84618,4,Y Tateyama
JPN,Third-Year Japanese I,JPN 301,85140,4,E Murayama
JPN,Third-Year Japanese I,JPN 301,85141,4,Y Wada
JPN,Third-Year Japanese II,JPN 302,85142,4,M Ogasawara
JPN,Third-Year Japanese II,JPN 302,85143,4,M Ogasawara
JPN,3rd-Yr JPN Prof Com: Etiq/Hosp,JPN 312,85144,3,H Uchida
JPN,Intro to Japanese Linguistics,JPN 350,85145,3,M J Burdelski
JPN,Intro to Japanese Linguistics,JPN 350,86190,3,K Kanno
JPN,Language in Japanese Society,JPN 370,85146,3,TBA
JPN,Fourth-Year Japanese I,JPN 401,85147,4,M Mito
JPN,Fourth-Year Japanese II,JPN 402,85467,4,T Iwai
JPN,Fourth-Year Japanese II,JPN 402,88801,4,T Iwai
JPN,JPN for Adv Wrtn CommuRestriction: Instructor Approval,JPN 404,85148,3,M Ogasawara
JPN,Readings: Acad & Journ Texts,JPN 407D,85151,3,A Hasegawa
JPN,Readings: Modern Literature,JPN 407E,85152,3,TBA
JPN,Translating between ENG & JPN,JPN 413,88796,3,Y Tateyama
JPN,Teach JPN as a Foreign Lang,JPN 453,88797,3,D Yoshimi
JPN,Okinawan Language & Literature,JPN 472,85149,3,S A Curry
JPN,Japanese Syntax & Semantics,JPN 602,85150,3,K Kanno
JPN,Japanese Sociolinguistics,JPN 606,86192,3,M J Burdelski
JPN,Teaching Jpn as a 2nd Language,JPN 632,87847,3,D Yoshimi
JPN,Modern Japanese Literature,JPN 710M,88835,3,Q B Arkenstone
KOR,Elementary Korean I,KOR 101,85054,4,H C Smith
KOR,Elementary Korean I,KOR 101,85055,4,H C Smith
KOR,Elementary Korean II,KOR 102,85153,4,H Chung
KOR,Elementary Korean II,KOR 102,85154,4,H Chung
KOR,Elementary Korean II,KOR 102,85155,4,H You
KOR,Elementary Korean II,KOR 102,85156,4,H Chung
KOR,Intermediate Korean I,KOR 201,85157,4,TBA
KOR,Intermediate Korean I,KOR 201,88880,4,Y Lee
KOR,Intermediate Korean II,KOR 202,85158,4,Y Jeon
KOR,Intermediate Korean II,KOR 202,85159,4,TBA
KOR,Intermediate Korean II,KOR 202,85160,4,TBA
KOR,Third-Level Korean I,KOR 301,88911,3,TBA
KOR,Third-Level Korean II,KOR 302,85056,3,G Kim
KOR,Readings Chinese Characters I,KOR 307,88912,3,H Bae
KOR,Korean Proficiency through TV,KOR 380,84619,3,M E Delaney
KOR,Fourth-Level Korean II,KOR 402,87860,3,H C Smith
KOR,High-Advanced KOR: KOR CultureRestriction: Instructor Approval,KOR 404,81500,3,H C Smith
KOR,Media Anlys: Comp. Eth. Issues,KOR 422,81798,3,S Choi
KOR,Selected Readings in Korean,KOR 425,88919,3,H Chung
KOR,Structure of KOR: Syntax,KOR 452,85161,3,M Park
KOR,Language and Culture of Korea,KOR 470,85162,3,M S Kim
KOR,KOR-Acad Purp: Soc-Sci. Et al.,KOR 486,85285,3,S Cheon
KOR,Comp Studies S & N Kor Lg,KOR 622,86181,3,S Choi
KOR,Anlys Kor Acad Dscrs: Others,KOR 624K,89496,3,S Cheon
KOR,Korean Syntax and Semantics,KOR 633,89127,3,M Park
KOR,Practicum: Teaching KSL,KOR 655,88914,3,M Park
KOR,Research Seminar in Kor Lang,KOR 730,88915,3,S Choi
KRS,Aerobic Fitness,KRS 102,81992,1,W K Hufen
KRS,Human Physiology and Anatomy,KRS 113,83648,5,R A Lindsey
KRS,Tennis: Beginning,KRS 130,89309,1,M Velickovic
KRS,Tennis: Beginning,KRS 130,89330,1,M Velickovic
KRS,Volleyball: Beginning,KRS 135,82879,1,M Velickovic
KRS,Volleyball: Beginning,KRS 135,82880,1,M Velickovic
KRS,Basketball,KRS 137,82265,1,K K Kim
KRS,Basketball,KRS 137,82266,1,G C Baxa
KRS,Weight TrainingRestriction: Major,KRS 152,82182,1,J M Blanchard
KRS,Weight TrainingRestriction: Major,KRS 152,81580,1,J M Blanchard
KRS,Weight TrainingRestriction: Major,KRS 152,82181,1,J M Blanchard
KRS,Weight TrainingRestriction: Major,KRS 152,82183,1,J M Blanchard
KRS,Olympic and Power LiftingRestriction: Major,KRS 153,82435,1,J M Blanchard
KRS,Olympic and Power LiftingRestriction: Major,KRS 153,82436,1,J M Blanchard
KRS,Olympic and Power LiftingRestriction: Major,KRS 153,89310,1,TBA
KRS,Aikido,KRS 161,88154,1,W K Hufen
KRS,Yoga: Beginning,KRS 170,89329,1,S K Cohen
KRS,Yoga: Beginning,KRS 170,85799,1,W K Hufen
KRS,Yoga: Beginning,KRS 170,88090,1,S K Cohen
KRS,Yoga: Beginning,KRS 170,89327,1,W K Hufen
KRS,Yoga: Intermediate,KRS 171,87936,1,S K Cohen
KRS,Sport Proficiency I: InvasionRestriction: Major,KRS 181,86473,3,J M McMullen
KRS,"Sprt Prof II: Net, Fld, TargetRestriction: Major",KRS 182,82184,3,B N Mieles
KRS,Hlth Promo & Disease PrevRestriction: Major,KRS 302,85354,3,M Velickovic
KRS,Principles of Sports MedicineRestriction: Major,KRS 305,81740,3,K Tamura
KRS,Principles of Sports MedicineRestriction: Major,KRS 305,87937,3,D L Miller
KRS,Emergency Care & First Aid TrnRestriction: Major,KRS 332,83649,3,C Tseng
KRS,Emergency Care & First Aid TrnRestriction: Major,KRS 332,82185,3,J Hu
KRS,Emergency Care & First Aid TrnRestriction: Major,KRS 332,82186,3,J Hu
KRS,Emergency Care & First Aid TrnRestriction: Major,KRS 332,81581,3,C Tseng
KRS,Emergency Care & First Aid TrnRestriction: Major,KRS 332,87939,3,D L Miller
KRS,Structural KinesiologyRestriction: Major,KRS 353,85057,3,J H Prins
KRS,Structural KinesiologyRestriction: Major,KRS 353,85058,3,Y Kim
KRS,Structural KinesiologyRestriction: Major,KRS 353,86030,3,B Freemyer
KRS,Exercise & Sport PhysiologyRestriction: Major,KRS 354,81582,3,P M Tamashiro
KRS,Exercise & Sport Phyl LabRestriction: Major,KRS 354L,81583,2,I Lloansi Rodriguez
KRS,Exercise & Sport Phyl LabRestriction: Major,KRS 354L,81584,2,I Lloansi Rodriguez
KRS,Exercise & Sport Phyl LabRestriction: Major,KRS 354L,81585,2,I Lloansi Rodriguez
KRS,Exercise & Sport Phyl LabRestriction: Major,KRS 354L,87938,2,G E Melver
KRS,Exercise & Sport Phyl LabRestriction: Major,KRS 354L,88325,2,G E Melver
KRS,Teaching Techniques II: SecondRestriction: Major,KRS 372,83061,3,J M McMullen
KRS,Personal Health and Wellness,KRS 395,81586,3,K K Kim
KRS,Personal Health and Wellness,KRS 395,88297,3,K K Kim
KRS,Teaching Practicum in PE: ElemRestriction: Major,KRS 402E,85020,3,C F Morgan
KRS,Teaching Methods in PERestriction: Instructor Approval,KRS 404,81632,3,C F Morgan
KRS,Tchng Residency: ElementaryRestriction: Major,KRS 405E,82867,9,J M McMullen
KRS,Tchng Residency: SecondaryRestriction: Major,KRS 405S,82868,9,J M McMullen
KRS,Seminar in Teaching ResidencyRestriction: Major,KRS 406,81587,3,J M McMullen
KRS,Prevent/Care Athletic InjuriesRestriction: Major,KRS 415,83062,3,K Shirahata
KRS,Prevent/Care Athletic InjuriesRestriction: Major,KRS 415,89326,3,E Swartz
KRS,Upper Extremity AssessmentRestriction: Major,KRS 421,85059,3,Y Oba
KRS,Upper Extremity AssessmentRestriction: Major,KRS 421,85060,3,K Tamura
KRS,Coaching AthleticsRestriction: Major,KRS 434,83140,3,C H Rote
KRS,Coaching AthleticsRestriction: Major,KRS 434,89324,3,M Velickovic
KRS,Disblty & Diversty in Phys ActRestriction: Major,KRS 443,85061,4,K D Glodowski
KRS,Disblty & Diversty in Phys ActRestriction: Major,KRS 443,85062,4,A R Tsuchida
KRS,Sport BiomechanicsRestriction: Major,KRS 463,82437,3,J H Prins
KRS,Sport BiomechanicsRestriction: Major,KRS 463,83063,3,J H Prins
KRS,Teaching Methods in Health Ed,KRS 471,89323,3,J L Psak
KRS,Sociocultural Issues in PARestriction: College,KRS 473,86434,3,S K Cohen
KRS,Sociocultural Issues in PARestriction: College,KRS 473,86435,3,A R Beemer
KRS,Sociocultural Issues in PARestriction: College,KRS 473,86436,3,E E Centeio
KRS,Sociocultural Issues in PARestriction: College,KRS 473,89166,3,B N Mieles
KRS,Sociocultural Issues in PARestriction: College,KRS 473,88165,3,S K Cohen
KRS,StatisticsRestriction: Major,KRS 474,83377,3,S K Cohen
KRS,StatisticsRestriction: Major,KRS 474,86437,3,B Freemyer
KRS,Motor Development & LearningRestriction: Major,KRS 477,85063,3,A R Tsuchida
KRS,Motor Development & LearningRestriction: Major,KRS 477,86438,3,K D Glodowski
KRS,Motor Development & LearningRestriction: Major,KRS 477,86439,3,Y Kim
KRS,Nutrition in Exercise & Sport,KRS 480,81588,3,B Freemyer
KRS,"Drg Abuse, Violence & Inj PrevRestriction: Major",KRS 484,83650,3,M Velickovic
KRS,Prac in Health & Exercise SciRestriction: Major,KRS 488,82550,4,B Freemyer
KRS,Prac in Health & Exercise SciRestriction: Major,KRS 488,82903,4,M S Yee
KRS,Prac in Health & Exercise SciRestriction: Instructor Approval,KRS 488,86440,4,P M Tamashiro
KRS,Prog Dsign Strngth & ConditionRestriction: Major,KRS 489,81589,3,A A Takata
KRS,Prog Dsign Strngth & ConditionRestriction: Major,KRS 489,83651,3,E Arguello
KRS,"Lwr Extremity, Thorax & AbsRestriction: Major",KRS 603,85356,3,C D Stickley
KRS,AT Clinical Experience IIRestriction: Major,KRS 610,82720,3,Y Oba
KRS,AT Clinical Experience IVRestriction: Major,KRS 612,83064,3,Y Oba
KRS,Clinical Exam: LBRestriction: Major,KRS 615B,84247,3,K Tamura
KRS,Therapeutic Interv: Rehab ExerRestriction: Major,KRS 618,85355,3,K Shirahata
KRS,Inclusive Physical Activity,KRS 634,89321,3,A R Tsuchida
KRS,Seminar in Physical ActivityRestriction: Major,KRS 640,81591,3,C F Morgan
KRS,Sem: Health/Exercise ScienceRestriction: Major,KRS 641,83065,3,K Tamura
KRS,Biomechanics of Human Motion,KRS 663,82187,3,C D Stickley
KRS,Metabolic Analysis,KRS 665,89312,3,P M Tamashiro
KRS,Doc Seminar I in KinesiologyRestriction: Major,KRS 775,81596,1-3,C D Stickley
KRS,Doc Seminar II in KinesiologyRestriction: Major,KRS 776,81597,1-3,C D Stickley
KRS,Doc Seminar III in KinesiologRestriction: Major,KRS 777,81598,1-3,C D Stickley
KRS,Doc Seminar IV in KinesiologyRestriction: Major,KRS 778,81599,1-3,C D Stickley
LAIS,Islands/Islas &Global Exchange,LAIS 120,88879,3,M J Cruz-Zayas
LAIS,Chocolat&CulinaryTalesLatAm-HI,LAIS 340,85453,3,J Logan
LAIS,Spanish Film,LAIS 365,88717,3,TBA
LATN,Elementary Latin,LATN 102,85163,3,L N Hamasaki
LATN,Elementary Latin,LATN 102,86530,3,A R Ortner
LATN,Intermediate Latin,LATN 202,87225,3,A R Ortner
LAW,Lawyering Fundamentals IIRestriction: Department Approval,LAW 505,85505,2,M Apodaca
LAW,Lawyering Fundamentals IIRestriction: Department Approval,LAW 505,85506,2,S K Serrano
LAW,Lawyering Fundamentals IIRestriction: Department Approval,LAW 505,85507,2,A U Tanigawa Lum
LAW,Lawyering Fundamentals IIRestriction: Department Approval,LAW 505,85508,2,M J Palau McDonald
LAW,Lawyering Fundamentals IIRestriction: Department Approval,LAW 505,85509,2,M J Palau McDonald
LAW,Lawyering Fundamentals IIRestriction: Department Approval,LAW 505,85510,2,TBA
LAW,Negotiat & Alt Dispute Resoltn,LAW 508,85503,2,J L Barkai
LAW,Professional Responsibility,LAW 511,83568,3,T J Andrade
LAW,Criminal LawRestriction: Department Approval,LAW 513,83554,4,J D Levinson
LAW,Criminal LawRestriction: Department Approval,LAW 513,86888,4,K L Lawson
LAW,Civil Procedure IIRestriction: Department Approval,LAW 517,83555,3,L Brown
LAW,Real Property IRestriction: Department Approval,LAW 518,83556,4,A N Boyte
LAW,Real Property IRestriction: Department Approval,LAW 518,83856,4,E Loza
LAW,Adv L Studies: Con Law(State Constitutional Law),LAW 520C,88131,2,S Mckenna
LAW,Adv L Studies: Criminal Law(Abolitionist Approaches to Criminal Justice),LAW 520D,85605,3,G Rubinstein
LAW,Adv L Studies: Education Law(Education Law),LAW 520F,89284,3,L Skilling
LAW,Adv L Studies: Health Law(Advanced Health Law),LAW 520G,87699,3,J H Pietsch
LAW,Adv L Studies: IP Law(Global Governance of Artificial Intelligence),LAW 520H,84747,3,E Loza
LAW,Adv L Studies: Practice of Law(Appellate Advocacy),LAW 520I,86384,3,N M McLean
LAW,"Adv L Studies: Topic 10(Checks, Balances and Federalism)",LAW 520K,85608,2,A Soifer
LAW,Adv L Studies: Topic 12(Mediation Advocacy),LAW 520N,84748,2,T S Wiltgen
LAW,Adv L Studies: Topic 17(Intro to Sports and Media Law),LAW 520S,88223,2,T S Lesetar
LAW,Advanced Torts & Insurance Law,LAW 524,88028,2,H G Beh
LAW,Legslatn & Statutry Interp,LAW 525,85517,2,M A Coke
LAW,Second-Year SeminarRestriction: Department Approval,LAW 530,85518,3,D M Forman
LAW,Second-Year SeminarRestriction: Department Approval,LAW 530,85519,3,M T Pettit
LAW,Second-Year SeminarRestriction: Department Approval,LAW 530,85520,3,C J Petersen
LAW,Second-Year SeminarRestriction: Department Approval,LAW 530,85521,3,M A Stewart
LAW,Business Associations,LAW 531,83557,3,R J Wallsgrove
LAW,Health Law,LAW 532,85528,1-3,J H Pietsch
LAW,Constitutional Law II,LAW 534,83558,3,D Dangaran
LAW,Remedies,LAW 539,84755,3,R C Chen
LAW,Contract Drafting,LAW 540,85560,2,D M Fujimoto
LAW,Contract Drafting,LAW 540,85561,2,TBA
LAW,Criminal Procedure,LAW 541,83689,4,G Rubinstein
LAW,Evidence,LAW 543,89244,4,K L Lawson
LAW,"J-Term: Alternative Disp Res(National Security, Legal Strategy, and Business Risk)Restriction: Department Approval",LAW 546B,89443,1,R F Parke
LAW,J-Term: Rule of Law(Hard Cases),LAW 546C,81636,1,H A Young
LAW,J-Term: Law Practice(Hawaii Federal Trial Academy (HFTA))Restriction: Department Approval,LAW 546D,83668,1,R F Parke
LAW,J-Term: Access to Justice(Leadership for Lawyers)Restriction: Department Approval,LAW 546F,82552,1,H A Young
LAW,"J-Term: Public Law(Race, Inequality and Infrastructure)",LAW 546G,86647,1,R F Parke
LAW,J-Term: Legal Practice(How Automation and AI will Impact the Legal Field)Restriction: Department Approval,LAW 546I,86648,1,M Stubenberg
LAW,"J-Term: Rights(Climate Change and the World Court: Pacific Voices, Global Justice)",LAW 546J,87718,1,H A Young
LAW,Gender: Law and Conflicts,LAW 547,89267,3,C J Petersen
LAW,Immigration Law,LAW 548,89246,3,E S Yoo
LAW,Trusts & Estates,LAW 552,89248,3,N Mirkay
LAW,E-Discovery,LAW 553,89249,2,S E Thompson
LAW,Secured Transactions,LAW 554,89247,3,C D Booth
LAW,Externship: HawaiiRestriction: Department Approval,LAW 555H,83561,1-6,E R Capulong
LAW,Externship: HawaiiRestriction: Department Approval,LAW 555H,83562,1-6,L Y Ebesugawa
LAW,Externship: HawaiiRestriction: Department Approval,LAW 555H,83563,1-6,T Y Nakamura
LAW,High Growth EntrepreneurshipRestriction: Major,LAW 560,85563,3,J D Levinson
LAW,Administrative Law,LAW 561,83559,3,K A Turcan
LAW,Trial PracticeRestriction: Department Approval,LAW 563,84756,3,S Kessler
LAW,Pre-Trial Litigation,LAW 564,88088,2,D R Kobayashi
LAW,Non-Profit Organizations,LAW 566,89263,3,T K Asam
LAW,Federal Courts,LAW 571,83962,3,L K Robel
LAW,Advanced Legal AnalysisRestriction: Instructor Approval,LAW 577,86389,3,L Skilling
LAW,Land Use Management & Control,LAW 580,88355,3,A N Boyte
LAW,Civil Rights,LAW 584,89264,3,D Dangaran
LAW,Extended Bar Review II,LAW 588,89265,2,M Apodaca
LAW,Wrkshp/Clnc: Prosecution,LAW 590B,85568,1-6,J L Barkai
LAW,Wrkshp/Clnc: Defense,LAW 590C,85569,3,W M Bento
LAW,Beyond Guilt Hawai'i,LAW 590F,89266,4,K L Lawson
LAW,Wrkshp/Clnc: Estate Planning,LAW 590G,85570,3,E S Young
LAW,Wrkshp/Clnc: Native Hawn Rts,LAW 590I,85573,3,D K Sproat
LAW,Wrkshp/Clnc: Family Law,LAW 590J,85577,3,M G Minerbi
LAW,Wrkshp/Clnc: Entrep. & Sm. Bus,LAW 590K,87867,3,G R Kim
LAW,Wrkshp/Clnc: Lawyering Skills,LAW 590N,85703,3,A J Lovitt
LAW,Wrkshp/Clnc: Immigration,LAW 590Q,85580,3,E S Yoo
LAW,Wrkshp/Clnc: Child Welfare,LAW 590R,84749,3,T Ige
LAW,Wrkshp/Clnc: HI Innoc Proj II,LAW 590T,83564,4,K L Lawson
LAW,Wkshp/Clnc: Med Legal P'ship,LAW 590U,85581,3,D M Shek
LAW,"Native Hlth Eth, Law, & Plcy",LAW 594,87722,3,L M Riley
LAW,Directed Study and ResearchRestriction: Department Approval,LAW 599,89286,1-3,T J Andrade
LAW,Directed Study and ResearchRestriction: Department Approval,LAW 599,89287,3,T J Andrade
LING,Intro to the Study of Language,LING 102,85072,3,TBA
LING,Intro to the Study of Language,LING 102,85073,3,TBA
LING,Intro to the Study of Language,LING 102,85074,3,TBA
LING,Intro to the Study of Language,LING 102,85075,3,TBA
LING,Intro to the Study of Language,LING 102,85076,3,TBA
LING,Intro to the Study of Language,LING 102,85164,3,TBA
LING,Intro to the Study of Language,LING 102,85165,3,TBA
LING,Intro to the Study of Language,LING 102,85166,3,TBA
LING,Intro to the Study of Language,LING 102,85167,3,TBA
LING,Intro to the Study of Language,LING 102,85168,3,TBA
LING,Intro to the Study of Language,LING 102,87644,3,TBA
LING,Intro to the Study of Language,LING 102,87645,3,TBA
LING,Intro to the Study of Language,LING 102,87646,3,TBA
LING,Language endangerment,LING 105,85077,3,TBA
LING,Language endangerment,LING 105,88633,3,TBA
LING,Language & AI: A Basic Intro,LING 131,88681,3,W O'Grady
LING,Language in HAP: Unit Mastery,LING 150B,85078,3,TBA
LING,Language in HAP: Lect/Disc,LING 150C,85169,3,TBA
LING,Language in HAP: Lect/Disc,LING 150C,85170,3,A R Cabrera
LING,Language in HAP: Lect/Disc,LING 150C,85171,3,TBA
LING,The Language of Children,LING 170,88634,3,A B Reddy
LING,General Linguistics,LING 320,80409,3,TBA
LING,Raciolinguistics,LING 418,88635,3,A Cheng
LING,Morphology,LING 420,82020,3,G M Holton
LING,Intro to Phonological Analysis,LING 421,80866,3,S M Easterday
LING,Intro to Phonological Analysis,LING 421,89015,3,TBA
LING,Computational Modeling,LING 431,86776,3,W O'Grady
LING,Grammar,LING 622,82021,3,S Fukuda
LING,Field Methods,LING 630,80983,3,B J McDonnell
LING,Linguistics of Sign Languages,LING 635,88636,3,L J Pappas
LING,Phonetics and Phonology,LING 640F,86411,3,A Cheng
LING,Psycholinguistics,LING 640Y,82752,3,A Schafer
LING,Techniques Lang Documentation,LING 710,82525,3,L J Pappas
LING,Sem:  Phonetics & Phonology,LING 750F,87583,3,S M Easterday
LING,Seminar: General,LING 750G,86729,3,W O'Grady
LING,Seminar: General,LING 750G,88637,3,G M Holton
LING,Seminar: Language Acquisition,LING 750Q,83893,3,K Deen
LING,Seminar: Language Acquisition,LING 750Q,88638,3,K Deen
LIS,Intro to Reference & Info SvcsRestriction: Department Approval,LIS 601,84291,3,S Robertson
LIS,Foundations Info ProfessionsRestriction: Department Approval,LIS 610,85461,3,M Garud
LIS,Collection ManagementRestriction: Department Approval,LIS 615,88847,3,A Wertheimer
LIS,Indigenous LibrarianshipRestriction: Department Approval,LIS 633,88855,3,K S Long
LIS,"Records, Archives and MemoryRestriction: Department Approval",LIS 654,88856,3,A Rayburn
LIS,Records ManagementRestriction: Department Approval,LIS 657,88853,3,A Rayburn
LIS,Books and Media for ChildrenRestriction: Department Approval,LIS 681,88857,3,C R Ramirez
LIS,Services in Public LibrariesRestriction: Department Approval,LIS 683,88858,3,Y L Hurtado
LIS,Info Literacy & Learng ResourcRestriction: Department Approval,LIS 686,82765,3,M Garud
LIS,InternshipRestriction: Department Approval,LIS 690,82462,1-3,M L Hull
LIS,Masters SeminarRestriction: Department Approval,LIS 691,85462,3,R S Gazan
LIS,Special Topics Info Studies(Genealogy Research & Resources)Restriction: Department Approval,LIS 693,87415,3,K S Long
LLEA,"Gods, Heroes, and Dragons",LLEA 247,85436,3,K B Hammerich
LLEA,French Literature as Film,LLEA 339,86571,3,L J Bousquet
LLEA,Russian Film,LLEA 355,88803,3,A G Kostetskaya
LLEA,Europeans in the Pacific,LLEA 371,87679,3,N R Schweizer
LLEA,Europeans in the Pacific,LLEA 371,88552,3,N R Schweizer
LLEA,Two Germanies 1945-1989,LLEA 415,88544,3,K B Hammerich
LTEC,Tech for Academic Success,LTEC 112,83053,3,A Eichelberger
LTEC,Tech for Academic Success,LTEC 112,83148,3,M L Nakamura
LTEC,Tech for Academic Success,LTEC 112,84246,3,A C Tanners
LTEC,Tech for Academic Success,LTEC 112,86718,3,M M Mallchok
LTEC,Tech for Academic Success,LTEC 112,87434,3,R A Rivers
LTEC,Tech for Academic Success,LTEC 112,87435,3,R A Rivers
LTEC,Tech for Acad Success-Business,LTEC 113,84566,1,M L Nakamura
LTEC,Tech for Acad Success-Business,LTEC 113,84567,1,K C Hino
LTEC,Tech for Acad Success-Business,LTEC 113,87436,1,J Y Zhou
LTEC,Tech for Acad Success-Business,LTEC 113,88329,1,J Y Zhou
LTEC,Social Media and Learning,LTEC 448,83149,3,J R Chillingworth
LTEC,Social Media and Learning,LTEC 448,88339,3,J R Chillingworth
LTEC,Ed Tech Research & EvaluationRestriction: Instructor Approval,LTEC 611,82994,3,C Baek
LTEC,Intro to Online LearningRestriction: Instructor Approval,LTEC 612,82995,3,C P Ho
LTEC,Instr Design & DevelopmentRestriction: Instructor Approval,LTEC 613,83052,3,S Janakiraman
LTEC,Project Mgmt & Instr DesignRestriction: Instructor Approval,LTEC 615,89240,3,S Janakiraman
LTEC,Developing Online LearningRestriction: Instructor Approval,LTEC 632,82996,3,D C Hirata
LTEC,Info Literacy & Learng ResourcRestriction: Major,LTEC 686,87950,3,M Garud
LTEC,LTEC Training & Eval PracticumRestriction: Instructor Approval,LTEC 689,82997,3,C Baek
LTEC,Sem in Tech LdrshpRestriction: Instructor Approval,LTEC 690,83352,3,P W Leong
LTEC,Directed Reading and/or RschRestriction: Instructor Approval,LTEC 699,86812,1-12,P W Leong
LTEC,Seminar in Et Issues: ResearchRestriction: Instructor Approval,LTEC 750E,87438,3,D Hoffman
LTEC,Seminar in ET TheoryRestriction: Instructor Approval,LTEC 760,82999,3,D Hoffman
LTEC,Seminar in ET TheoryRestriction: Instructor Approval,LTEC 760,83725,3,M P Menchaca
LTEC,Seminar in ET TheoryRestriction: Instructor Approval,LTEC 760,84245,3,M P Menchaca
LWEV,Environ Compliance & Reg Ind,LWEV 512,89169,2,F L Cioffi
LWEV,Intl Environmental Law,LWEV 528,89270,2,M A Stewart
LWEV,Intl Environmental Law,LWEV 528,89271,3,M A Stewart
LWEV,Environmental Litigation Sem,LWEV 529,89253,1-3,L Brown
LWEV,Environmental Law,LWEV 582,89272,3,R J Wallsgrove
LWEV,Domestic Ocean & Coastal Law,LWEV 592,89256,3,D M Forman
LWEV,International Ocean Law,LWEV 593,84750,2,S P Broder
LWJT,Law ReviewRestriction: Department Approval,LWJT 545,83566,1,J D Levinson
LWJT,Asian-Pacific Law JournalRestriction: Department Approval,LWJT 546,84757,1,M Levin
LWLR,Legal Research and AnalysisRestriction: Department Approval,LWLR 501,84762,2,C Lenz
LWLR,Legal Research and AnalysisRestriction: Department Approval,LWLR 501,84763,2,V J Szymczak
LWLR,Legal Research and AnalysisRestriction: Department Approval,LWLR 501,85586,2,V J Szymczak
LWLR,Legal Research and AnalysisRestriction: Department Approval,LWLR 501,85587,2,C Lenz
LWLW,Law Teaching Seminar IIRestriction: Department Approval,LWLW 538,85598,1,H S Temple
LWLW,Law Teaching Seminar IIRestriction: Department Approval,LWLW 538,85602,1,T J Andrade
LWLW,Law Teaching Seminar IIRestriction: Department Approval,LWLW 538,85603,2,T J Andrade
LWPA,Law and Society in Japan,LWPA 514,86394,3,M Levin
LWPA,Human Rights in Asia,LWPA 569,89282,3,T Baik
LWPA,Intl Legal Studies: Business,LWPA 575B,86395,3,C D Booth
LWPA,Intl Business TransactionsRestriction: College,LWPA 579,87729,3,TBA
LWPA,Foundations for Kanawai,LWPA 580,89280,3,A U Tanigawa Lum
LWPA,NHL TOPICS: Polcy & Governce(Examining Pathways to Self Determination),LWPA 582B,84509,2,D H Kauanoe
LWPA,NHL TOPICS: Polcy & Governce(Examining Pathways to Self Determination),LWPA 582B,89241,3,D H Kauanoe
LWPA,Comparative Law,LWPA 587,87732,3,T Baik
LWPA,Pacific Island Legal Systems,LWPA 594,84753,2,S K Serrano
LWPA,Pacific Island Legal Systems,LWPA 594,89283,3,S K Serrano
LWUL,American Legal Systems IIRestriction: Department Approval,LWUL 502,85618,1,T J Andrade
MATH,Survey of Mathematics,MATH 100,81361,3,S I Post
MATH,Survey of Mathematics,MATH 100,83595,3,S I Post
MATH,Survey of Mathematics,MATH 100,85628,3,S I Post
MATH,Survey of Mathematics,MATH 100,83596,3,S I Post
MATH,Survey of Mathematics,MATH 100,85657,3,S I Post
MATH,Math for Elementary Teachers I,MATH 111,87674,3,T M Johnson
MATH,Math for Elem Teachers II,MATH 112,80861,3,H E Chou
MATH,Math for Elem Teachers II,MATH 112,81722,3,H E Chou
MATH,Precalc: Elementary Functions,MATH 134,82725,3,L Agcaoili
MATH,Precalc: Elementary Functions,MATH 134,85534,3,L Agcaoili
MATH,Precalc: Elementary Functions,MATH 134,85823,3,L Agcaoili
MATH,Precalc: Elementary Functions,MATH 134,87531,3,S L Fields
MATH,Precalc: Elementary Functions,MATH 134,87565,3,J Parker
MATH,Precalc: Elementary Functions,MATH 134,87566,3,J Parker
MATH,Precalculus,MATH 140X,86574,4,J C Robertson
MATH,Precalculus,MATH 140X,86575,4,J C Robertson
MATH,Precalculus,MATH 140X,86577,4,J C Robertson
MATH,Precalculus,MATH 140X,86578,4,J C Robertson
MATH,Precalculus,MATH 140X,87580,4,J C Robertson
MATH,Precalculus,MATH 140X,86579,4,J C Robertson
MATH,Precalculus,MATH 140X,86580,4,J C Robertson
MATH,Precalculus,MATH 140X,86581,4,J C Robertson
MATH,Precalculus,MATH 140X,86582,4,J C Robertson
MATH,Precalculus,MATH 140X,87585,4,D W Myers
MATH,"Precalc, Elements of Calculus",MATH 161,82029,3,J Parker
MATH,Applied Calculus I,MATH 215,81816,4,D Takagi
MATH,Applied Calculus I,MATH 215,82636,4,D Takagi
MATH,Applied Calculus I,MATH 215,80418,4,D Takagi
MATH,Applied Calculus II,MATH 216,80419,3,E A Gross
MATH,Calculus I,MATH 241,80420,4,J O Hachmeister
MATH,Calculus I,MATH 241,81238,4,J O Hachmeister
MATH,Calculus I,MATH 241,83055,4,E Guentner
MATH,Calculus I,MATH 241,83056,4,E Guentner
MATH,Calculus I,MATH 241,80421,4,S I Post
MATH,Calculus I,MATH 241,81813,4,D M Polakowski
MATH,Calculus I,MATH 241,81817,4,D M Polakowski
MATH,Calculus I,MATH 241,82529,4,D M Polakowski
MATH,Calculus I,MATH 241,89194,4,D M Polakowski
MATH,Calculus II,MATH 242,80422,4,A Jaime
MATH,Calculus II,MATH 242,80423,4,A Jaime
MATH,Calculus II,MATH 242,80424,4,L W Lanerolle
MATH,Calculus II,MATH 242,80425,4,L W Lanerolle
MATH,Calculus II,MATH 242,81554,4,A Jaime
MATH,Calculus II,MATH 242,81814,4,A Jaime
MATH,Calculus II,MATH 242,83142,4,D Erman
MATH,Calculus II,MATH 242,83143,4,D Erman
MATH,Calculus II,MATH 242,81815,4,N Antin
MATH,Calculus II,MATH 242,82191,4,N Antin
MATH,Calculus II,MATH 242,84043,4,H E Chou
MATH,Calculus II,MATH 242,84044,4,H E Chou
MATH,Calculus II,MATH 242,87601,4,M Jovovic
MATH,Calculus III,MATH 243,80426,3,A Jaime
MATH,Calculus III,MATH 243,80427,3,C Xu
MATH,Calculus III,MATH 243,83145,3,F Glebe
MATH,Calculus IV,MATH 244,84307,3,D M Polakowski
MATH,Calculus IV,MATH 244,82030,3,B Leathers
MATH,Calculus IV,MATH 244,80428,3,K Corea
MATH,Calculus IV,MATH 244,87567,3,K Corea
MATH,Accelerated Calculus II,MATH 252A,86442,4,Y Mileyko
MATH,Accelerated Calculus IIIRestriction: Honors Program Approval,MATH 253A,83337,4,M Romney
MATH,Intro to Differential Eqns I,MATH 302,80429,3,L W Lanerolle
MATH,Intro to Differential Eqns I,MATH 302,82531,3,J O Hachmeister
MATH,Linear Alg & Diff Eq,MATH 307,80969,3,J O Hachmeister
MATH,Linear Alg & Diff Eq,MATH 307,82281,3,K Corea
MATH,Linear Alg & Diff Eq,MATH 307,83144,3,R Willett
MATH,Linear Alg & Diff Eq,MATH 307,86736,3,J C Robertson
MATH,Introduction to Linear Algebra,MATH 311,80430,3,C Xu
MATH,Intro to Advanced Mathematics,MATH 321,83280,3,K H Dovermann
MATH,Introduction to Real Analysis,MATH 331,80862,3,M Jovovic
MATH,Elem Probability & Statistics,MATH 372,83597,3,M Bacharach
MATH,Partial Differential Eqns I,MATH 402,86443,3,B Leathers
MATH,Linear Algebra,MATH 411,85535,3,F Glebe
MATH,Intro to Abstract Algebra,MATH 413,89424,3,P Guerzhoy
MATH,Intro to the Theory of Numbers,MATH 420,89185,3,K H Dovermann
MATH,Differential Geometry,MATH 443,89183,3,M Chyba
MATH,Axiomatic Set Theory,MATH 454,89182,3,D Ross
MATH,Statistical Inference,MATH 472,89186,3,M Bacharach
MATH,Senior Seminar,MATH 480,82530,2,H Zheng
MATH,Numerical Analysis,MATH 607,89187,3,T C Hangelbroek
MATH,Commutative Ring Theory,MATH 615,89188,3,D Erman
MATH,Key Elements of TopologyRestriction: Major,MATH 620,89500,1,Y Mileyko
MATH,Topology,MATH 621,82726,3,R Willett
MATH,Real Variables,MATH 631,89221,3,E Guentner
MATH,Analytic Function Theory,MATH 645,89222,3,M Romney
MATH,Tpcs: Algebraic Topology,MATH 649R,85172,3,K H Dovermann
MATH,Adv Probability,MATH 671,89220,3,B Kjos-Hanssen
MATH,Directed Reading and Research,MATH 699,85948,1,C Xu
MBBE,Essential Biochemistry,MBBE 375,84242,3,P Nerurkar
MBBE,Molecular Biotechnology,MBBE 401,80443,3,Z Du
MBBE,Molecular Biotech L - CRISPR,MBBE 401L,85455,2,Z Du
MBBE,Principles of BiochemistryRestriction: Instructor Approval,MBBE 402,81390,4,J Bingham
MBBE,Principles of BiochemistryRestriction: Instructor Approval,MBBE 402,84407,4,J Bingham
MBBE,Principles of Biochemistry Lab,MBBE 402L,82438,2,N Jiang
MBBE,Molecular Cell Biology II,MBBE 408,81944,3,R M Carrillo
MBBE,AI for Bioprocesses,MBBE 447,87956,3,G W Roell
MBBE,Bioinformatics,MBBE 483,81502,3,G G Presting
MBBE,Molecular Biology and Genetics,MBBE 602,87960,3,Y Cho
MBBE,Molecular Biosciences Seminar,MBBE 610,85454,1,G W Roell
MBBE,Professional Development,MBBE 611,86732,1,J Bingham
MBBE,Plant Biochemistry,MBBE 620,88733,3,N Jiang
MBIO,Career Skills for Marine Bio(Scientific Writing)Restriction: Major,MBIO 603,89407,1,J McDevitt-Irwin
MBIO,Mathematical Ecology Mar SysRestriction: Major,MBIO 610,85696,3,L C McManus
MBIO,Marine Mammal Sci & ConservRestriction: Major,MBIO 650,89165,3,L Bejder
MBIO,Seminar in MB: Marine Bio,MBIO 691B,88410,1,R J Toonen
MBIO,Topics in MB Phys Beh & Bio(Coral Biology in a Changing World),MBIO 725,89167,3,C R Drury
MBIO,Topics in Quantitative Biology(Bayesian Methods for Fisheries and Marine Biology),MBIO 740,89168,3,M K Donovan
MBIO,Topics in Quantitative Biology(Marine Species Distribution Models),MBIO 740,89170,3,E C Franklin
MDED,Sr Interdisc Elective: Med EdRestriction: Major,MDED 545B,82577,4-12,R T Kasuya
MDED,Sr Interdisc Elective: Ldrshp,MDED 545D,84925,6,J S Omori
MDED,Sr Interdisc Elective: Jr Dir,MDED 545E,83713,6,J S Omori
MDED,Sr Interdisc Elective: Jr Dir,MDED 545E,86755,6,J S Omori
MDED,MD 3 Renal/HematologyRestriction: Major,MDED 553,81741,7,D T Horio
MDED,MD 3 Renal/HematologyRestriction: Major,MDED 553,88236,7,B N Limm
MDED,MD 3 Tutorials,MDED 553L,81742,4,B N Limm
MDED,MD 3 TutorialsRestriction: Instructor Approval,MDED 553L,81743,4,D T Horio
MDED,MD 3 TutorialsRestriction: Instructor Approval,MDED 553L,81744,4,R Miyamoto
MDED,MD 3 Tutorials,MDED 553L,81745,4,M A Ortega
MDED,MD 3 TutorialsRestriction: Instructor Approval,MDED 553L,81746,4,B A Chun
MDED,MD 3 TutorialsRestriction: Instructor Approval,MDED 553L,81747,4,B F Issell
MDED,MD 3 TutorialsRestriction: Instructor Approval,MDED 553L,81748,4,C A Bender
MDED,MD 3 TutorialsRestriction: Instructor Approval,MDED 553L,81749,4,A A Powers
MDED,MD 3 TutorialsRestriction: Instructor Approval,MDED 553L,81750,4,B C Fogelgren
MDED,MD 3 TutorialsRestriction: Instructor Approval,MDED 553L,81751,4,D C Smith
MDED,MD 3 Tutorials,MDED 553L,81752,4,F P Bellinger
MDED,MD 3 Tutorials,MDED 553L,81753,4,J K Onopa
MDED,MD 3 TutorialsRestriction: Instructor Approval,MDED 553L,82173,4,H L Lew
MDED,MD 4 GI/EndocrineRestriction: Major,MDED 554,81754,7,J K Higa
MDED,MD 4 GI/EndocrineRestriction: Major,MDED 554,88328,7,D L Carpenter
MDED,MD 4 Tutorials,MDED 554L,81755,4,D F Lee
MDED,MD 4 Tutorials,MDED 554L,81756,4,F P Bellinger
MDED,MD 4 Tutorials,MDED 554L,81757,4,D T Horio
MDED,MD 4 Tutorials,MDED 554L,81758,4,R P Ruggieri
MDED,MD 4 TutorialsRestriction: Instructor Approval,MDED 554L,81759,4,S F Fong
MDED,MD 4 TutorialsRestriction: Instructor Approval,MDED 554L,81760,4,J K Higa
MDED,MD 4 TutorialsRestriction: Instructor Approval,MDED 554L,81761,4,J K Higa
MDED,MD 4 Tutorials,MDED 554L,81762,4,A A Powers
MDED,MD 4 Tutorials,MDED 554L,81763,4,J H Uyehara
MDED,MD 4 Tutorials,MDED 554L,81764,4,B A Chun
MDED,MD 4 Tutorials,MDED 554L,81765,4,P A Latare
MDED,MD 4 Tutorials,MDED 554L,81766,4,E R Noel
MDED,MD 4 TutorialsRestriction: Instructor Approval,MDED 554L,81767,4,D L Carpenter
MDED,MD 4 Tutorials,MDED 554L,82174,4,D L Carpenter
MDED,MD 7 The Life Cycle,MDED 557,81482,7,K S Thompson
MDED,MD 7 The Life Cycle,MDED 557,88235,7,T L Schiff-Elfalan
MDED,MD 7 TutorialsRestriction: Instructor Approval,MDED 557L,81768,4,V Balaraman
MDED,MD 7 Tutorials,MDED 557L,81769,4,K S Thompson
MDED,MD 7 Tutorials,MDED 557L,81770,4,S A Patel
MDED,MD 7 Tutorials,MDED 557L,81771,4,D F Lee
MDED,MD 7 Tutorials,MDED 557L,81772,4,C K Okado
MDED,MD 7 TutorialsRestriction: Instructor Approval,MDED 557L,81773,4,E R Noel
MDED,MD 7 TutorialsRestriction: Instructor Approval,MDED 557L,81774,4,K N Wong
MDED,MD 7 TutorialsRestriction: Instructor Approval,MDED 557L,81775,4,S Raidoo
MDED,MD 7 TutorialsRestriction: Instructor Approval,MDED 557L,81776,4,T K Hong
MDED,MD 7 Tutorials,MDED 557L,81777,4,K S Thompson
MDED,MD 7 TutorialsRestriction: Instructor Approval,MDED 557L,82068,4,E R Kling
MDED,MD 7 TutorialsRestriction: Instructor Approval,MDED 557L,82647,4,T L Schiff-Elfalan
MDED,MD 7 TutorialsRestriction: Instructor Approval,MDED 557L,82648,4,K S Soin
MDED,MD 7 Tutorials,MDED 557L,84176,4,V S Wong
MDED,Third Year ColloquiaRestriction: Major,MDED 563,84912,2,R T Shimamoto
MDED,Senior Seminars: Week 2,MDED 564C,85946,2,D F Lee
MDED,Senior Seminars: Week 3,MDED 564D,85945,1,I L Nip
MDED,Unit 3 Clinical SkillsRestriction: Department Approval,MDED 573,84631,2,D T Bolger
MDED,Unit 4 Clinical SkillsRestriction: Major,MDED 574,84906,2,D T Bolger
MDED,Unit 7 Clinical Skills,MDED 577,84910,2,D T Bolger
MDED,Unit 3 Community HealthRestriction: Instructor Approval,MDED 583,81778,2,K N Voloch
MDED,Unit 3 Community HealthRestriction: Instructor Approval,MDED 583,81779,2,S K Kaulukukukui
MDED,Unit 3 Community HealthRestriction: Major,MDED 583,81780,2,M L Kamaka
MDED,Unit 3 Community HealthRestriction: Major,MDED 583,81781,2,J S Omori
MDED,Unit 3 Community HealthRestriction: Major,MDED 583,81782,2,K S Thompson
MDED,Unit 3 Community HealthRestriction: Major,MDED 583,81961,2,B M Brown
MDED,Unit 3 Community HealthRestriction: Major,MDED 583,81962,2,K H Masaki
MDED,Unit 3 Community HealthRestriction: Instructor Approval,MDED 583,82649,2,I L Nip
MDED,Unit 3 Community HealthRestriction: Instructor Approval,MDED 583,82650,2,K M Withy
MDED,Unit 3 Community HealthRestriction: Major,MDED 583,82899,2,S F Fong
MDED,Unit 3 Community HealthRestriction: Major,MDED 583,82900,2,K M Withy
MDED,Unit 3 Community HealthRestriction: Instructor Approval,MDED 583,82990,2,T K Hong
MDED,Unit 3 Community HealthRestriction: Major,MDED 583,84115,2,C J Yoneshige
MDED,Unit 4 Community HealthRestriction: Instructor Approval,MDED 584,81783,2,K N Voloch
MDED,Unit 4 Community HealthRestriction: Instructor Approval,MDED 584,81784,2,S K Kaulukukukui
MDED,Unit 4 Community HealthRestriction: Major,MDED 584,81785,2,M L Kamaka
MDED,Unit 4 Community HealthRestriction: Major,MDED 584,81786,2,J S Omori
MDED,Unit 4 Community HealthRestriction: Major,MDED 584,81787,2,K S Thompson
MDED,Unit 4 Community HealthRestriction: Major,MDED 584,81963,2,B M Brown
MDED,Unit 4 Community HealthRestriction: Major,MDED 584,81964,2,K H Masaki
MDED,Unit 4 Community HealthRestriction: Instructor Approval,MDED 584,82651,2,I L Nip
MDED,Unit 4 Community HealthRestriction: Instructor Approval,MDED 584,82652,2,K M Withy
MDED,Unit 4 Community HealthRestriction: Major,MDED 584,82901,2,S F Fong
MDED,Unit 4 Community HealthRestriction: Major,MDED 584,82902,2,K M Withy
MDED,Unit 4 Community HealthRestriction: Instructor Approval,MDED 584,82991,2,T K Hong
MDED,Unit 4 Community HealthRestriction: Major,MDED 584,84114,2,C J Yoneshige
MDED,Topics in Medicine,MDED 591,88433,1,J K Okamoto
MDED,Research in Medical Education,MDED 599,84117,1-6,T L Schiff-Elfalan
ME,Space Exploration,ME 201,87307,4,P A Englert
ME,Intro to Engr DesignRestriction: Major,ME 213,84620,3,M Ghasemi-Nejhad
ME,Applied Mechanics IIRestriction: Major,ME 271,82629,3,N Antin
ME,ThermodynamicsRestriction: Major,ME 311,84621,4,V Mancuso
ME,Mechanics of Fluids and LabRestriction: Major,ME 322,83343,4,W E Uspal
ME,Mechanics of Fluids and LabRestriction: Major,ME 322,83344,4,W E Uspal
ME,Mechanics of Fluids and LabRestriction: Major,ME 322,83345,4,W E Uspal
ME,Materials Science and Engr,ME 331,82497,3,T J Shimokusu
ME,Manufacturing Processes & LabRestriction: Major,ME 341,81630,4,T Yap
ME,Manufacturing Processes & LabRestriction: Major,ME 341,83642,4,T Yap
ME,Manufacturing Processes & LabRestriction: Major,ME 341,83643,4,T Yap
ME,Computer Meth in EngineeringRestriction: Major,ME 360,81352,3,A Klishin
ME,Component DesignRestriction: Major,ME 372,81523,3,B Konh
ME,Kinematics/Dynamics MachineryRestriction: Major,ME 374,81125,3,D Azimov
ME,Dynamics Machines Systems &LabRestriction: Major,ME 375,83346,4,T Wang
ME,Dynamics Machines Systems &LabRestriction: Major,ME 375,83347,4,T Wang
ME,Dynamics Machines Systems &LabRestriction: Major,ME 375,83348,4,T Wang
ME,Space Mission Design,ME 400,85341,4,M A Nunes
ME,AstronauticsRestriction: Major,ME 419,87309,3,T C Sorensen
ME,Heat Transfer and LabRestriction: Major,ME 422,83349,4,Y Zuo
ME,Heat Transfer and LabRestriction: Major,ME 422,83350,4,H Ozawa
ME,Heat Transfer and LabRestriction: Major,ME 422,83351,4,H Ozawa
ME,Introduction to Gas DynamicsRestriction: Major,ME 424,89488,3,H Ozawa
ME,Solar Thermal Engineering,ME 428,89440,3,W Qu
ME,Materials Selection for DesignRestriction: Major,ME 434,89010,3,L H Hihara
ME,Electrochemical Power SourcesRestriction: Major,ME 466,87311,3,M Dubarry
ME,Design Project IRestriction: Instructor Approval,ME 481,84622,4,J S Allen
ME,Design Project IIRestriction: Instructor Approval,ME 482,84573,3,A Z Trimble
ME,Design Project IIRestriction: Instructor Approval,ME 482,84574,3,T C Sorensen
ME,Pearl Harbor Co-opRestriction: Instructor Approval,ME 487,87308,3,M F Young
ME,Special Topics in MeRestriction: Major,ME 491,85821,3,R Ghorbani
ME,Special Topics in MeRestriction: Major,ME 491,86265,3,G Severa
ME,Special Topics in MeRestriction: Major,ME 491,86266,3,G Gallo
ME,Special Topics in MeRestriction: Instructor Approval,ME 491,88160,3,M Kobayashi
ME,Special Topics in MeRestriction: Major,ME 491,89013,3,D Azimov
ME,Statistical Thermodynamics,ME 612,89014,3,X Du
ME,Boiling and Two-Phase Flow,ME 618,89441,3,W Qu
ME,Viscous FlowsRestriction: Major,ME 626,86267,3,M Kobayashi
ME,Clinical Design & Development,ME 645,89012,3,S F Miller
ME,Continuum Mechanics,ME 671,87314,3,J Brown
ME,High Growth EntrepreneurshipRestriction: Major,ME 680,88183,3,J D Levinson
ME,SeminarRestriction: Major,ME 691,84042,1,Y Zuo
ME,Advanced Topics in ME,ME 696,85913,3,R Ghorbani
MED,Intrnl Med Longitudinl ClrkshpRestriction: Major,MED 532,84913,5,F Kan
MED,MED Elec: Allergy/ImmunologyRestriction: Major,MED 545B,84926,1-18,F Kan
MED,MED Elec: CardiologyRestriction: Major,MED 545C,84927,1-18,F Kan
MED,MED Elec: Med Elective in AsiaRestriction: Major,MED 545D,84928,1-18,E M Kiefer
MED,MED Elec: DermatologyRestriction: Major,MED 545E,84929,1-18,F Kan
MED,MED Elec: EndocrinologyRestriction: Major,MED 545F,84930,1-18,F Kan
MED,MED Elec: GastroenterologyRestriction: Major,MED 545G,86138,1-18,F Kan
MED,MED Elec: Gen Med: AmbulatoryRestriction: Major,MED 545H,84931,1-18,F Kan
MED,MED Elec: Gen Med: InpatientRestriction: Major,MED 545I,84932,1-18,F Kan
MED,MED Elec: HematologyRestriction: Major,MED 545K,84933,1-18,F Kan
MED,MED Elec: NephrologyRestriction: Major,MED 545M,84934,1-18,C H Izutsu
MED,MED Elec: NeurologyRestriction: Major,MED 545N,84935,1-18,F Kan
MED,MED Elec: Nuclear MedicineRestriction: Major,MED 545O,84936,1-18,F Kan
MED,MED Elec: OncologyRestriction: Major,MED 545P,84937,1-18,F Kan
MED,MED Elec: Pulmonary DiseasesRestriction: Major,MED 545Q,84938,1-18,F Kan
MED,MED Elec: Research in MedicineRestriction: Major,MED 545R,84939,1-18,F Kan
MED,MED Elec: Rehab MedicineRestriction: Major,MED 545S,84940,1-18,F Kan
MED,MED Elec: RheumatologyRestriction: Major,MED 545T,84941,1-18,F Kan
MED,MED Elec: HF Electrophysiology,MED 545U,85763,1-18,F Kan
MED,MED Elec: MICU Sub-IRestriction: Major,MED 545W,84942,1-18,F Kan
MED,MED Elec: Extramural ElectiveRestriction: Major,MED 546B,84943,1-24,F Kan
MED,MED Elec: Infectious DiseasesRestriction: Major,MED 546D,84944,1-18,F Kan
MED,MED Elec: Medicine Sub-IRestriction: Major,MED 546E,84945,1-18,F Kan
MED,MED Elec: Neuro Critical CareRestriction: Major,MED 546G,84946,6-18,K Nakagawa
MED,MED Elec: Obesity Medicine,MED 546O,88499,1-18,F Kan
MED,MED Elec: Rural Internal Med,MED 546R,87918,3-18,F Kan
MED,Directed Research,MED 599,84332,1-6,K K Liow
MED,Directed Research,MED 599,87248,1-6,J A Fukui
MEDT,Intro to Medical Technology,MEDT 151,81655,2,R S Singh
MEDT,Intro to Medical Technology II,MEDT 251,89503,2,R S Singh
MEDT,The Clinical LaboratoryRestriction: Major,MEDT 301,85734,3,W J De Carvalho
MEDT,Clinical Laboratory ManagementRestriction: Major,MEDT 331,81980,3,V Nxedhlana
MEDT,Clinical ParasitologyRestriction: Major,MEDT 431,85173,2,J K McMillan
MEDT,ImmunohematologyRestriction: Major,MEDT 464,84623,3,Y N Zak
MEDT,Clinical Biochemistry IRestriction: Major,MEDT 471,85174,4,J Ha
MEDT,Clin Lab Methods & Analyses IIRestriction: Major,MEDT 478,81739,3,R S Singh
MEDT,Professional IssuesRestriction: Major,MEDT 481,85175,1,J H Uyehara
MGT,Fundamentls of EntrepreneurshpRestriction: College,MGT 320,82761,3,A Tiwari
MGT,Fundamentls of EntrepreneurshpRestriction: College,MGT 320,81126,3,A Tiwari
MGT,Fundamentls of EntrepreneurshpRestriction: College,MGT 320,82284,3,R J Robinson
MGT,Fundamentls of EntrepreneurshpRestriction: College,MGT 320,89458,3,S T Dunn
MGT,Behavior in OrganizationsRestriction: College,MGT 341,80467,3,S S Ghumman
MGT,Behavior in OrganizationsRestriction: College,MGT 341,82588,3,S S Ghumman
MGT,Multinational Bus ManagementRestriction: College,MGT 342,81408,3,K Ito
MGT,Comparative Mgt Sys:US & JapanRestriction: College,MGT 343,87251,3,D P Bhawuk
MGT,Entrepreneurial Ventures,MGT 345,83959,3,C V Fry
MGT,Family BusinessRestriction: College,MGT 450,85268,3,M Houshmand
MGT,New Venture Management,MGT 645,85266,3,C V Fry
MGT,Management Topics(Phd Seminar: Applied Research Methods in Management),MGT 650,88732,3,D Yoon
MGT,High Growth EntrepreneurshipRestriction: Major,MGT 653,89397,1-3,J D Levinson
MGT,Negotiation,MGT 660,86294,3,R J Robinson
MICR,General Microbiology,MICR 130,85632,3,D M Clements Jansen
MICR,Microbiology Laboratory,MICR 140L,85650,2,D M Clements Jansen
MICR,Microbiology Laboratory,MICR 140L,85651,2,D M Clements Jansen
MICR,Research Ethics,MICR 314,82741,1,D S Haymer
MICR,Biology of Microorganisms,MICR 351,81356,3,T T Hoang
MICR,Biology of Microorganisms Lab,MICR 351L,83096,2,T T Hoang
MICR,Biology of Microorganisms Lab,MICR 351L,81128,2,T T Hoang
MICR,Marine Microbiology,MICR 401,80868,3,S P Donachie
MICR,Marine Microbiology Laboratory,MICR 401L,80886,1,S P Donachie
MICR,Marine Microbiology Laboratory,MICR 401L,85532,1,S P Donachie
MICR,Microbial Physiology,MICR 431,84426,3,S Prisic
MICR,Microbial Physiology Lab,MICR 431L,88795,2,S Prisic
MICR,Immunology,MICR 461,83683,3,D M Clements Jansen
MICR,Immunology Laboratory,MICR 461L,83684,2,D M Clements Jansen
MICR,Immunology Laboratory,MICR 461L,85815,2,D M Clements Jansen
MICR,Microbiology of Pathogens,MICR 463,80468,3,M H Norris
MICR,Microbiology of Pathogens Lab,MICR 463L,80469,2,M H Norris
MICR,Microbes & their Environment,MICR 485,83954,3,M Kirs
MICR,Virology,MICR 490,87376,3,A I Culley
MICR,Molecular Biology and Genetics,MICR 602,87977,3,Y Cho
MICR,Research EthicsRestriction: Major,MICR 614,88896,1,D S Haymer
MICR,Research Literature Review,MICR 695,85021,1,M H Norris
MKT,Consumer BehaviorRestriction: College,MKT 311,80475,3,TBA
MKT,Consumer BehaviorRestriction: College,MKT 311,80476,3,TBA
MKT,MKT Research & Data AnalysisRestriction: College,MKT 321,85176,3,K C Holden
MKT,MKT Research & Data AnalysisRestriction: College,MKT 321,85177,3,K C Holden
MKT,Professional SellingRestriction: College,MKT 351,87329,3,TBA
MKT,Seminar in Marketing(Compete Simulation)Restriction: College,MKT 361,86193,3,A P Palia
MKT,Seminar in Marketing(AI Ethics and Marketing)Restriction: College,MKT 361,88747,3,TBA
MKT,Digital MarketingRestriction: College,MKT 362,85819,3,S Kim
MKT,Sustainable Marketing,MKT 368,85362,3,TBA
MKT,Sustainable Marketing,MKT 368,89451,3,TBA
MKT,Marketing for New VenturesRestriction: College,MKT 372,83040,3,TBA
MKT,International MarketingRestriction: College,MKT 381,81484,3,M Hu
MKT,International MarketingRestriction: College,MKT 381,83038,3,M Hu
MKT,Marketing StrategiesRestriction: College,MKT 391,81485,3,TBA
MKT,Marketing StrategiesRestriction: College,MKT 391,83039,3,TBA
MKT,Marketing StrategiesRestriction: College,MKT 391,82292,3,TBA
MKT,Marketing StrategiesRestriction: College,MKT 391,82706,3,TBA
MKT,Marketing StrategiesRestriction: College,MKT 391,88267,3,TBA
MKT,Marketing AnalyticsRestriction: College,MKT 410,86333,3,L L Zhu
MKT,International Marketing Mgt,MKT 653,85178,3,M Hu
MKT,Marketing Research Management,MKT 655,85363,3,K C Holden
MKT,Sem. in Select Mktng TopicsRestriction: Major,MKT 704,88748,3,Q Chen
MSL,Intro to Physical Fitness,MSL 100,81171,1,D A Miller
MSL,Intro to Physical Fitness,MSL 100,89360,1,D A Miller
MSL,Intro to Military Science II,MSL 102,81059,2,V M Roberts
MSL,Intro to Military Science II,MSL 102,89362,2,V M Roberts
MSL,Intro to Military Sci II Lab,MSL 102L,81060,1,V M Roberts
MSL,Intro to Military Sci II Lab,MSL 102L,89359,1,V M Roberts
MSL,Intermediate Military Sci II,MSL 202,81061,3,D A Miller
MSL,Intermediate Military Sci II,MSL 202,81172,3,D A Miller
MSL,Intermediate Military Sci II,MSL 202,89361,3,D A Miller
MSL,Leading Small Organizatns IIRestriction: Instructor Approval,MSL 302,81062,4,J K Wright
MSL,Leading Small Organizatns IIRestriction: Instructor Approval,MSL 302,81480,4,J K Wright
MSL,Leading Small Organizatns IIRestriction: Instructor Approval,MSL 302,83423,4,J K Wright
MSL,History of Military Warfare,MSL 391,81063,3,W Shiu
MSL,History of Military Warfare,MSL 391,84547,3,W Shiu
MSL,Fundamentals of Leadership,MSL 400,83419,3,T M Johnson
MSL,Transition to LieutenantRestriction: Instructor Approval,MSL 402,81065,4,P Kelley
MSL,Adv Mil Reading & Research,MSL 499,89519,4-8,J A Moeller
MUS,Musical Meaning,MUS 105,87393,3,C Loong
MUS,Exploring Music,MUS 106,87942,3,N J Kerns
MUS,Music in World Cultures,MUS 107A,87838,3,Y Kuan
MUS,Fundamentals of Music,MUS 108,86324,3,M J Doezema
MUS,First-Level Secondary PianoRestriction: Major,MUS 126,85347,1,T F Ramos
MUS,Asian Mus Perform: Koto,MUS 127B,87858,1,D T Miyashiro
MUS,Percussion Technques,MUS 155,88908,2,T E Kloss
MUS,Woodwind Techniques,MUS 158,88781,2,K K Barclift
MUS,Recital AttendanceRestriction: Major,MUS 199,80478,0,D Womack
MUS,Second-Level Secondary Piano,MUS 226,84679,1,W T Yamashita
MUS,Intro to Music EduRestriction: Major,MUS 250,84680,1,K K Barclift
MUS,Elementary Music in Action,MUS 253,80479,3,R R Aamodt
MUS,Hist of Western Mus after 1750,MUS 266,87947,3,K McQuiston
MUS,Hist of Western Mus after 1750,MUS 266,87948,3,K McQuiston
MUS,Basic Theory & Aural Skills,MUS 280,88836,3,I Lin
MUS,Theory II,MUS 282,88741,2,T F Ramos
MUS,Aural Training II,MUS 284,80480,1,T F Ramos
MUS,Theory IV,MUS 286,88742,2,T Itoh
MUS,Theory IV,MUS 286,88799,2,T Itoh
MUS,Aural Training IV,MUS 288,86325,1,J Chow
MUS,Aural Training IV,MUS 288,88800,1,J Chow
MUS,Intro Prac in Mus CompositionRestriction: Major,MUS 289,81807,1-2,T Itoh
MUS,Japanese Ensemble I,MUS 311C,87863,1,D T Miyashiro
MUS,Chinese Ensemble I,MUS 311D,87943,1,Y Kuan
MUS,Okinawan Ensemble I,MUS 311F,86413,1,N Kaneshiro
MUS,Philippine Ensemble I,MUS 311G,86414,1,R G Querian
MUS,Gamelan Ensemble I,MUS 311H,84681,1,B G Moon
MUS,Gagaku Ensemble I,MUS 311I,84682,1,D T Miyashiro
MUS,Hula/Chant Ensemble I,MUS 312,83702,2,N Lewis
MUS,Hula/Chant Ensemble I,MUS 312,80481,2,N Lewis
MUS,Advanced Conducting,MUS 326,80482,2,J D Boeckman
MUS,Western Music and Japan,MUS 348,88756,3,E G Hamilton
MUS,Choral Music Methods,MUS 356,88778,3,A Schumacker
MUS,Choral Music Methods Lab,MUS 356L,88779,1,C Loong
MUS,Form and Analysis,MUS 382,88751,3,TBA
MUS,Ens: Chamber Singers,MUS 410C,80486,1,A Schumacker
MUS,Ens: Chamber Music,MUS 410F,82701,1,I Lin
MUS,Ens: Jazz,MUS 410K,83084,1,D K Taba
MUS,Ens: Contemporary Music,MUS 410M,84676,1,T A Osborne
MUS,Ens: Piano/Inst CollaborationRestriction: Major,MUS 410Q,84677,1,J Korth
MUS,Hula/Chant Ensemble III,MUS 413,86628,2,N Lewis
MUS,University Concert Choir,MUS 414,80487,1,A Schumacker
MUS,Symphony Orchestra,MUS 416B,80488,1,J A Stepec
MUS,Univ Band: Wind Ensemble,MUS 419B,80489,1,J D Boeckman
MUS,Univ Band: Symphonic Band,MUS 419C,80490,1,T E Kloss
MUS,Univ Band: Concert Band,MUS 419D,80491,1,G H Nakamura
MUS,Keyboard Skills II,MUS 424,88752,2,T F Ramos
MUS,Asian & Pacific Music in Educ,MUS 457,88782,3,C Loong
MUS,Romantic Era,MUS 461F,88757,3,E G Hamilton
MUS,Musical Cultures: India,MUS 478H,89104,3,A M Stirr
MUS,Composition for Music MajorsRestriction: Major,MUS 484,82289,1,T Itoh
MUS,Intermediate Prac in Mus CompRestriction: Major,MUS 485,81808,2,T Itoh
MUS,Adv Practicum-Music Compositn,MUS 487,81973,3,T Itoh
MUS,Senior Project,MUS 495,82544,1,D Womack
MUS,Music Literature Seminar,MUS 600D,84354,3,K McQuiston
MUS,Performance Repertory Seminar,MUS 600E,88953,3,M F Sypert
MUS,Topics in Music(Ethno Forum)Restriction: Major,MUS 601,88787,1-3,Y Kuan
MUS,Advanced Ensemble,MUS 610,86260,1,J D Boeckman
MUS,College Teaching PracticumRestriction: Major,MUS 649,84683,1,D Womack
MUS,College Teaching PracticumRestriction: Major,MUS 649,86802,1,K K Barclift
MUS,College Teaching PracticumRestriction: Major,MUS 649,87397,1,C Loong
MUS,Intro Research in Music EduRestriction: Major,MUS 652,88783,3,K K Barclift
MUS,World Musics in Undergrad Educ,MUS 657,88788,2,Y Kuan
MUS,Studies in Mus Lit: Romantic,MUS 660F,89448,3,E G Hamilton
MUS,Adv Problems in Ethno: Other(Music & Colonialism),MUS 678D,87850,3,TBA
MUS,Advanced Analysis,MUS 680D,89422,3,T A Osborne
MUS,Master Composition Practicum,MUS 687,80819,3,T Itoh
MUS,Doctoral Composition Practicum,MUS 787,80820,3,T Itoh
NAVL,Leadership Laboratory,NAVL 100L,86457,1,P V Bandini
NAVL,Seapower and Maritime Affairs,NAVL 102,85407,3,S F Davis
NAVL,Navigation,NAVL 202,85409,3,R Gerrety
NAVL,Naval Ship Systems II: Weapons,NAVL 302,85695,3,L G Gregory
NAVL,Evolution of WarfareRestriction: Instructor Approval,NAVL 303,87884,3,V M Ayala
NAVL,Leadership and Ethics,NAVL 402,86458,3,P V Bandini
NHH,Directed Reading/ResearchRestriction: Instructor Approval,NHH 499,82345,1-6,J K Kaholokula
NHH,Directed Reading/ResearchRestriction: Instructor Approval,NHH 499,82346,1-6,D L Carpenter
NHH,Directed Reading/ResearchRestriction: Instructor Approval,NHH 499,82348,1-6,W K Lee
NHH,Directed Reading/ResearchRestriction: Instructor Approval,NHH 499,83585,1-6,M L Kamaka
NHH,Directed Reading/ResearchRestriction: Instructor Approval,NHH 499,82351,1-6,K N Voloch
NHH,Directed Reading/ResearchRestriction: Instructor Approval,NHH 499,83583,1-6,S N Fernandes
NHH,Directed Reading/ResearchRestriction: Instructor Approval,NHH 499,83580,1-6,K B Yamauchi
NHH,Directed Reading/ResearchRestriction: Instructor Approval,NHH 499,82352,1-6,V S Wong
NHH,Directed Reading/ResearchRestriction: Instructor Approval,NHH 499,83581,1-6,S K Kaulukukukui
NHH,Directed Reading/ResearchRestriction: Instructor Approval,NHH 499,82347,1-6,C Ha
NHH,Directed Reading/ResearchRestriction: Instructor Approval,NHH 499,87407,1-6,P M Tim Sing
NHH,Directed Reading/ResearchRestriction: Instructor Approval,NHH 499,87409,1-6,S M Tsuhako
NHH,Directed Reading/ResearchRestriction: Instructor Approval,NHH 499,83432,1-6,J M Freitas
NHH,Directed Reading/ResearchRestriction: Instructor Approval,NHH 499,83584,1-6,C C Harris
NHH,Directed Reading/ResearchRestriction: Instructor Approval,NHH 499,87405,1-6,A H Hermosura
NHH,Directed Reading/ResearchRestriction: Instructor Approval,NHH 499,83425,1-6,C T Ing
NHH,Directed Reading/ResearchRestriction: Instructor Approval,NHH 499,85886,3,M L Malepeai
NHH,Directed Reading/ResearchRestriction: Instructor Approval,NHH 499,83582,1-6,M K Mau
NHH,Directed Reading/ResearchRestriction: Instructor Approval,NHH 499,83586,1-6,R Miyamoto
NHH,Directed Reading/ResearchRestriction: Instructor Approval,NHH 499,87413,1-6,D L Thompson
NHH,Directed Reading/ResearchRestriction: Instructor Approval,NHH 499,87411,1-6,K K Hosoda
NHH,Directed Reading/ResearchRestriction: Instructor Approval,NHH 499,83238,1-6,T L Schiff-Elfalan
NHH,Directed Reading/ResearchRestriction: Instructor Approval,NHH 499,82350,1-6,N A Witten
NHH,Native Hawaiian Health CareRestriction: Instructor Approval,NHH 545,80994,4-12,D L Carpenter
NHH,Native Hawaiian Health CareRestriction: Instructor Approval,NHH 545,86284,4-12,K N Voloch
NHH,Social Justice in HealthRestriction: Instructor Approval,NHH 575,82344,1,T L Schiff-Elfalan
NHH,Social Justice in HealthRestriction: Instructor Approval,NHH 575,86144,1,N A Witten
NHH,Directed Reading/Res NHHRestriction: Instructor Approval,NHH 599,88298,1-9,J K Kaholokula
NHH,Directed Reading/Res NHHRestriction: Instructor Approval,NHH 599,88299,1-9,D L Carpenter
NHH,Directed Reading/Res NHHRestriction: Instructor Approval,NHH 599,88404,1-9,W K Lee
NHH,Directed Reading/Res NHHRestriction: Instructor Approval,NHH 599,88301,1-9,M L Kamaka
NHH,Directed Reading/Res NHHRestriction: Instructor Approval,NHH 599,88697,1-9,K N Voloch
NHH,Directed Reading/Res NHHRestriction: Instructor Approval,NHH 599,88323,1-9,S N Fernandes
NHH,Directed Reading/Res NHHRestriction: Instructor Approval,NHH 599,88303,1-9,K B Yamauchi
NHH,Directed Reading/Res NHHRestriction: Instructor Approval,NHH 599,88302,1-9,V S Wong
NHH,Directed Reading/Res NHHRestriction: Instructor Approval,NHH 599,88494,1-9,S K Kaulukukukui
NHH,Directed Reading/Res NHHRestriction: Instructor Approval,NHH 599,88688,1-9,C Ha
NHH,Directed Reading/Res NHHRestriction: Instructor Approval,NHH 599,88695,1-9,P M Tim Sing
NHH,Directed Reading/Res NHHRestriction: Instructor Approval,NHH 599,88696,1-9,S M Tsuhako
NHH,Directed Reading/Res NHHRestriction: Instructor Approval,NHH 599,88687,1-9,J M Freitas
NHH,Directed Reading/Res NHHRestriction: Instructor Approval,NHH 599,88689,1-9,C C Harris
NHH,Directed Reading/Res NHHRestriction: Instructor Approval,NHH 599,88690,1-9,A H Hermosura
NHH,Directed Reading/Res NHHRestriction: Instructor Approval,NHH 599,88691,1-9,C T Ing
NHH,Directed Reading/Res NHHRestriction: Instructor Approval,NHH 599,88692,1-9,M L Malepeai
NHH,Directed Reading/Res NHHRestriction: Instructor Approval,NHH 599,88693,1-9,M K Mau
NHH,Directed Reading/Res NHHRestriction: Instructor Approval,NHH 599,88698,1-9,R Miyamoto
NHH,Directed Reading/Res NHHRestriction: Instructor Approval,NHH 599,88694,1-9,D L Thompson
NHH,Directed Reading/Res NHHRestriction: Instructor Approval,NHH 599,88300,1-9,K K Hosoda
NHH,Directed Reading/Res NHHRestriction: Instructor Approval,NHH 599,88699,1-9,T L Schiff-Elfalan
NHH,Directed Reading/Res NHHRestriction: Instructor Approval,NHH 599,88700,1-9,N A Witten
NHH,Directed Reading/ResearchRestriction: Instructor Approval,NHH 699,82353,1-9,J K Kaholokula
NHH,Directed Reading/ResearchRestriction: Instructor Approval,NHH 699,82354,1-9,D L Carpenter
NHH,Directed Reading/ResearchRestriction: Instructor Approval,NHH 699,82357,1-9,W K Lee
NHH,Directed Reading/ResearchRestriction: Instructor Approval,NHH 699,83592,1-9,M L Kamaka
NHH,Directed Reading/ResearchRestriction: Instructor Approval,NHH 699,82360,1-9,K N Voloch
NHH,Directed Reading/ResearchRestriction: Instructor Approval,NHH 699,83590,3,S N Fernandes
NHH,Directed Reading/ResearchRestriction: Instructor Approval,NHH 699,83587,1-9,K B Yamauchi
NHH,Directed Reading/ResearchRestriction: Instructor Approval,NHH 699,82361,1-9,V S Wong
NHH,Directed Reading/ResearchRestriction: Instructor Approval,NHH 699,83588,1-9,S K Kaulukukukui
NHH,Directed Reading/ResearchRestriction: Instructor Approval,NHH 699,82356,1-9,C Ha
NHH,Directed Reading/ResearchRestriction: Instructor Approval,NHH 699,87408,1-9,P M Tim Sing
NHH,Directed Reading/ResearchRestriction: Instructor Approval,NHH 699,87410,1-9,S M Tsuhako
NHH,Directed Reading/ResearchRestriction: Instructor Approval,NHH 699,83239,1-9,J M Freitas
NHH,Directed Reading/ResearchRestriction: Instructor Approval,NHH 699,83591,1-9,C C Harris
NHH,Directed Reading/ResearchRestriction: Instructor Approval,NHH 699,87406,1-9,A H Hermosura
NHH,Directed Reading/ResearchRestriction: Instructor Approval,NHH 699,83426,1-9,C T Ing
NHH,Directed Reading/ResearchRestriction: Instructor Approval,NHH 699,85888,1-9,M L Malepeai
NHH,Directed Reading/ResearchRestriction: Instructor Approval,NHH 699,83589,1-9,M K Mau
NHH,Directed Reading/ResearchRestriction: Instructor Approval,NHH 699,83231,1-9,R Miyamoto
NHH,Directed Reading/ResearchRestriction: Instructor Approval,NHH 699,87414,1-9,D L Thompson
NHH,Directed Reading/ResearchRestriction: Instructor Approval,NHH 699,87412,1-9,K K Hosoda
NHH,Directed Reading/ResearchRestriction: Instructor Approval,NHH 699,82355,1-9,T L Schiff-Elfalan
NHH,Directed Reading/ResearchRestriction: Instructor Approval,NHH 699,82359,1-9,N A Witten
NREM,"Ap Cal: Mgt, Life Sci,Hum Res",NREM 203,80836,3,M Y Kaneshiro-Pineiro
NREM,"Ap Cal: Mgt, Life Sci,Hum Res",NREM 203,80837,3,M Y Kaneshiro-Pineiro
NREM,Natural Resources Management,NREM 301,81258,3,A H Youkhana
NREM,Natural Resources Mgmt Lab,NREM 301L,81259,1,T W Idol
NREM,Natural Resources Mgmt Lab,NREM 301L,83476,1,T W Idol
NREM,Natural Resource & Env Policy,NREM 302,85397,3,P Keral
NREM,Environmental Ethics,NREM 306,88802,3,R S Dacks
NREM,Stat in Agriculture/Human Res,NREM 310,80838,3,P Keral
NREM,Enterprise Management,NREM 351,84434,3,M B Johnson
NREM,Community and NRM,NREM 420,84369,3,P Keral
NREM,Applied UAS Ops for Agr & EnvrRestriction: College,NREM 437,88596,3,D M Jenkins
NREM,Nutrient Mgmt in Ag Ecosystems,NREM 460,89363,4,T M Maaz
NREM,GIS for Resource Managers,NREM 477,84398,4,M C Lindquist
NREM,Applied Forest Ecology,NREM 480,88548,3,T W Idol
NREM,Topics in NREM(Island Invasion Biology Lecture)Restriction: Instructor Approval,NREM 491,86655,3,C M Litton
NREM,Topics in NREM(Island Invasion Biology Lab)Restriction: Instructor Approval,NREM 491,87829,1,C M Litton
NREM,Internship ExperienceRestriction: Instructor Approval,NREM 492,83434,3,M Y Kaneshiro-Pineiro
NREM,Environmental Problem SolvingRestriction: Instructor Approval,NREM 494,81627,3,A C Lowe Mackenzie
NREM,Systems Analysis of NREM,NREM 601,81305,4,Y Tsang
NREM,Coastal Resources Management,NREM 665,87505,3,M Y Kaneshiro-Pineiro
NREM,Conservation Biology,NREM 690,88992,3,J B Koch
NREM,Advanced Topics in NREM(Environmental Writing),NREM 691,89101,3,M D Vaughan
NREM,Capstone Prep in NREMRestriction: Major,NREM 695,82551,2,R S Dacks
NREM,Capstone Experience in NREMRestriction: Major,NREM 696,84383,2,T W Idol
NREM,Research Seminar,NREM 701,80839,1,M R Price
NURS,Intro to Professional Nsg IIRestriction: Major,NURS 201,82762,1,K P Tessier
NURS,Health Promo Across LifespanRestriction: Major,NURS 210,86612,3,W D Siegman
NURS,Hlth Prom Across Lifespan LabRestriction: Major,NURS 210L,88684,6,W D Siegman
NURS,Hlth Prom Across Lifespan LabRestriction: Major,NURS 210L,86602,6,W D Siegman
NURS,Hlth Prom Across Lifespan LabRestriction: Major,NURS 210L,86603,6,W D Siegman
NURS,Hlth Prom Across Lifespan LabRestriction: Major,NURS 210L,86604,6,W D Siegman
NURS,Professionalism in NursingRestriction: Major,NURS 211,86645,2,K P Tessier
NURS,PathophysiologyRestriction: Major,NURS 212,86644,3,C Constantin
NURS,Pharmacology for NursingRestriction: Major,NURS 213,83329,3,D A Monfort
NURS,Health and Illness IRestriction: Major,NURS 220,82514,3,D A Monfort
NURS,Health & Illness I LabRestriction: Major,NURS 220L,85279,6,M D Sotelo
NURS,Health & Illness I LabRestriction: Major,NURS 220L,85283,6,D A Monfort
NURS,Health & Illness I LabRestriction: Major,NURS 220L,85280,6,D A Monfort
NURS,Health & Illness I LabRestriction: Major,NURS 220L,85282,6,D A Monfort
NURS,Health & Illness I LabRestriction: Major,NURS 220L,85281,6,D A Monfort
NURS,Health & Illness I LabRestriction: Major,NURS 220L,88685,6,D A Monfort
NURS,Health & Illness I LabRestriction: Major,NURS 220L,88686,6,D A Monfort
NURS,Health & Illness I LabRestriction: Major,NURS 220L,85809,6,D A Monfort
NURS,"Women, Newborn, Family HealthRestriction: Major",NURS 321,87337,2,C H Linhares
NURS,"Women, Newborn, & Family LabRestriction: Major",NURS 321L,87339,3,S Ozorio Dutra
NURS,"Women, Newborn, & Family LabRestriction: Major",NURS 321L,87340,3,C H Linhares
NURS,"Women, Newborn, & Family LabRestriction: Major",NURS 321L,87341,3,C H Linhares
NURS,Child and Family HealthRestriction: Major,NURS 322,87338,2,S L Sinclair
NURS,Child and Family Health LabRestriction: Major,NURS 322L,87342,3,S L Sinclair
NURS,Child and Family Health LabRestriction: Major,NURS 322L,87343,3,B L Troxel
NURS,Child and Family Health LabRestriction: Major,NURS 322L,87344,3,S L Sinclair
NURS,Health and Illness IIIRestriction: Major,NURS 360,82515,3,W D Siegman
NURS,Health and Illness III LabRestriction: Major,NURS 360L,82516,6,W D Siegman
NURS,Health and Illness III LabRestriction: Major,NURS 360L,85284,6,W D Siegman
NURS,Health and Illness III LabRestriction: Major,NURS 360L,85752,6,W D Siegman
NURS,Health and Illness III LabRestriction: Major,NURS 360L,85751,6,W D Siegman
NURS,Health and Illness III LabRestriction: Major,NURS 360L,85753,6,W D Siegman
NURS,Health and Illness III LabRestriction: Major,NURS 360L,87345,6,W D Siegman
NURS,Nursing ResearchRestriction: Major,NURS 363,81996,3,J R Mobley
NURS,Directed Reading or Research,NURS 399,83474,1-10,TBA
NURS,"Comm, Public, & Global HlthRestriction: Major",NURS 450,88701,2,K U Chow-Rule
NURS,"Comm, Public, & Globl Hlth LabRestriction: Major",NURS 450L,88702,3,K U Chow-Rule
NURS,"Comm, Public, & Globl Hlth LabRestriction: Major",NURS 450L,88703,3,K U Chow-Rule
NURS,"Comm, Public, & Globl Hlth LabRestriction: Major",NURS 450L,88704,3,K U Chow-Rule
NURS,Cultural Aspects of Hlth MgmtRestriction: Major,NURS 452,86706,3,TBA
NURS,Cultural Aspects of Hlth MgmtRestriction: Major,NURS 452,89354,3,D P Palakiko
NURS,Intro Genetics/Genomics in NsgRestriction: Instructor Approval,NURS 453,86719,3,C Constantin
NURS,Intro Genetics/Genomics in NsgRestriction: Major,NURS 453,89355,3,C Constantin
NURS,Complex Nursing & LeadershipRestriction: Major,NURS 460,82202,4,K P Tessier
NURS,Complex Nsg & Leadership LabRestriction: Major,NURS 460L,85264,6,K P Tessier
NURS,Complex Nsg & Leadership LabRestriction: Major,NURS 460L,85277,6,K P Tessier
NURS,Complex Nsg & Leadership LabRestriction: Major,NURS 460L,85278,6,K P Tessier
NURS,Complex Nsg & Leadership LabRestriction: Major,NURS 460L,85265,6,K P Tessier
NURS,Complex Nsg & Leadership LabRestriction: Major,NURS 460L,85276,6,K P Tessier
NURS,Advanced PathophysiologyRestriction: Major,NURS 461,85179,2,F B Hale
NURS,Psych-Mental Health NursingRestriction: Major,NURS 465,88705,2,C D Hua
NURS,Psych-Mental Hlth Nursing LabRestriction: Major,NURS 465L,88706,3,C D Hua
NURS,Psych-Mental Hlth Nursing LabRestriction: Major,NURS 465L,88707,3,C D Hua
NURS,Psych-Mental Hlth Nursing LabRestriction: Major,NURS 465L,88708,3,C D Hua
NURS,Nsg Honors Research ProjectRestriction: Major,NURS 481,82870,3,S Ozorio Dutra
OBGN,Directed Research in OBGYN,OBGN 499,89302,3,C B Miller
OBGN,Ob/Gyn Longitudinal ClerkshipRestriction: Major,OBGN 532,84914,5,L Y Saito
OBGN,OBGN Elec: L&D Sub-IRestriction: Major,OBGN 545B,84947,6,L Y Saito
OBGN,OBGN Elec: Family PlanningRestriction: Major,OBGN 545D,86769,3-6,TBA
OBGN,OBGN Elec: High Risk OBRestriction: Major,OBGN 545E,84948,3-6,L Y Saito
OBGN,OBGN Elec: REIRestriction: Major,OBGN 545F,84949,3-6,L Y Saito
OBGN,OBGN Elec: OncologyRestriction: Major,OBGN 545G,84950,3-6,L Y Saito
OBGN,OBGN Elec: Tpcs w/Indiv PrecptRestriction: Major,OBGN 545H,84951,3-6,L Y Saito
OBGN,OBGN Elec: Extramural ElectvesRestriction: Major,OBGN 545I,84952,3-12,L Y Saito
OCN,Global Envirnmntal Science SemRestriction: Major,OCN 100,83129,1,M W Guidry
OCN,Intr Env Climate Change & Sust,OCN 102,83913,3,M Cooney
OCN,Intr Env Climate Change & Sust,OCN 102,85235,3,M Cooney
OCN,Intr Env Climate Change & Sust,OCN 102,85238,3,M Cooney
OCN,Intr Env Climate Change & Sust,OCN 102,85241,3,M Cooney
OCN,Intr. Env. Sci. & Sus. Lab,OCN 102L,85776,1,M Cooney
OCN,Sustainability Changing World,OCN 105,83131,3,A K Kealoha
OCN,Science of the Sea,OCN 201,80505,3,E R Goetze
OCN,Science of the Sea,OCN 201,80506,3,E R Goetze
OCN,Science of the Sea Laboratory,OCN 201L,81132,1,E R Goetze
OCN,Science of the Sea Laboratory,OCN 201L,80507,1,P R Thompson
OCN,Science of the Sea Laboratory,OCN 201L,80508,1,P R Thompson
OCN,Intro Environment SystemsRestriction: Major,OCN 318,86476,3,J T Potemra
OCN,Living Resources of the Sea,OCN 331,83633,3,J C Drazen
OCN,Disease Ecology,OCN 340,88233,3,A J Jani
OCN,Princples of Envrn Mgmt Systms,OCN 442,89130,3,M Cooney
OCN,Communictn of Research ResultsRestriction: Major,OCN 490,81806,2,P R Thompson
OCN,Biological OceanographyRestriction: Major,OCN 621,87335,3,A E White
OCN,Ecol of Pelagic Marine Animals,OCN 627,86328,4,J C Drazen
OCN,Benthic Biological OceanRestriction: Major,OCN 628,87306,4,F Girard
OCN,Aquatic Chemistry,OCN 636,88568,3,N J Hawco
OCN,Small-Scale Air-Sea InteractnRestriction: Major,OCN 665,88909,3,H Seo
OCN,Adv Data ScienceRestriction: Major,OCN 671,89131,3,B S Powell
OCN,Advanced Statistics in R,OCN 683,86329,3,K F Edwards
OCN,Topics in Biological Ocean(Professional Development for Marine Science)Restriction: Major,OCN 750,89132,1-4,A E White
OCN,Topics in Physical OceanRestriction: Major,OCN 760,83914,3,B Qiu
OCN,SeminarRestriction: Major,OCN 780,82232,1,A Sanchez-Rios
OEST,The College ExperienceRestriction: Major,OEST 100,87234,1,H S Saito
ORE,Surf Science and CultureRestriction: Instructor Approval,ORE 203,89453,3,J E Stopa
ORE,Surf Science and Culture LabRestriction: Instructor Approval,ORE 203L,89454,1,TBA
ORE,Ocean & Resources Engr Lab,ORE 601,89452,3,Z Huang
ORE,Probability/Stats for Ocn Engr,ORE 608,89492,3,E M Nosal
ORE,Hydrodyn Fluid-Body InteractRestriction: Instructor Approval,ORE 609,80824,3,E D Gedikli
ORE,Ocean Instrumentation and TechRestriction: Instructor Approval,ORE 653,85485,3,C Pagniello
ORE,Autonomous Marine Systems,ORE 657,85393,3,M W Krieg
ORE,Coastal and Harbor EngineeringRestriction: Instructor Approval,ORE 661,83932,3,K F Cheung
ORE,Marine Renewable Energy,ORE 677,89446,3,E D Gedikli
ORE,Ocean Engineering and Climate,ORE 680,89491,3,J E Stopa
ORE,Math&Numerical Methods Ocn EngRestriction: Instructor Approval,ORE 766,86673,3,E M Nosal
ORE,Sem in Ocean & Resources Engr,ORE 792,85181,1,TBA
PACE,Survey Peace/Conflict Studies,PACE 310,86338,3,M R Fisher
PACE,Environmental Governance,PACE 316,87720,3,M R Fisher
PACE,Nonviolent Political Alterntvs,PACE 373,87835,3,C M Stephenson
PACE,Meaning of War,PACE 387,89073,3,B R Hallett
PACE,Meaning of War,PACE 387,89072,3,B R Hallett
PACE,Mindfulness(Meditation),PACE 401,89074,1,M K Soetoro
PACE,Negotiation,PACE 429,89075,3,J L Barzola
PACE,Leadership for Social Change,PACE 430,86459,3,M K Soetoro
PACE,Statecraft/Diplomacy in E Asia,PACE 443,89080,3,P R Flowers
PACE,Race/Gender in Diplomacy,PACE 445,89511,3,P R Flowers
PACE,Introduction to Mediation,PACE 447,81656,3,K A Sims
PACE,Culture & Conflict Resolution,PACE 477,85475,3,B Lubura-Winchester
PACE,Indigenous Peace Building,PACE 479,87747,3,V P Enos
PACE,Practicum & InternshipRestriction: Instructor Approval,PACE 495,82480,3,M K Soetoro
PACE,Practicum & InternshipRestriction: Instructor Approval,PACE 495,85476,3,M K Soetoro
PACE,Negotiation & Conflict Resol'n,PACE 629,83901,3,D C Milz
PACE,Topics: Conflict Theory(Conflict Transformation for Leaders),PACE 690,89090,3,J L Barzola
PACE,Conflict Resolution PracticumRestriction: Instructor Approval,PACE 695,82481,1-3,M K Soetoro
PACE,Directed Reading and ResearchRestriction: Instructor Approval,PACE 699,81237,1-3,M K Soetoro
PACS,Pacific Worlds,PACS 108,85182,3,T Tabe
PACS,Pacific Worlds,PACS 108,86660,3,K F Cataldo
PACS,Climate Change in Oceania,PACS 120,87862,3,T Tabe
PACS,Islands of Globalization,PACS 201,88829,3,T Kabutaulaka
PACS,Pacific Movement and Migration,PACS 202,84624,3,L Q Bautista
PACS,Pacific Communities in Hawai'i,PACS 301,88639,3,J M Walsh
PACS,Pacific Collaborative Research,PACS 401,86106,3,L Q Bautista
PACS,Topics in Pac Islands Studies(Reviewing Oceania: An Introduction to Systematic Literature Review)Restriction: Instructor Approval,PACS 492,88843,3,R M Vave
PACS,Moving Images in the Pacific,PACS 493,87870,3,R B Crisostomo
PACS,Researching Oceania,PACS 603,80940,3,A D Mawyer
PACS,Community Fisheries in Oceania,PACS 655,88977,3,R M Vave
PACS,Topics in Histories of Oceania(Colonialism and Trade in Oceania),PACS 675,85700,3,J D Foukona
PACS,Grad Sem:Change in the Pacific(China in Oceania),PACS 690,84300,3,T Kabutaulaka
PATH,Pathology PracticumRestriction: Major,PATH 541,84953,1-3,D T Horio
PATH,Adv Topic: Anatomic PathologyRestriction: Major,PATH 545C,84915,1-18,M Kobayashi
PATH,Adv Topic: Anatomic PathologyRestriction: Major,PATH 545C,84916,1-18,K S Thompson
PATH,Adv Topic: Anatomic PathologyRestriction: Major,PATH 545C,84917,1-18,C K Lum
PATH,Adv Topic: Anatomic PathologyRestriction: Major,PATH 545C,84918,1-18,B J Kaya
PATH,Adv Topic: Clinical PathologyRestriction: Major,PATH 545D,84919,1-18,W J Kim
PATH,Adv Topic: Clinical PathologyRestriction: Major,PATH 545D,84920,1-18,K S Thompson
PATH,Adv Topic: Clinical PathologyRestriction: Major,PATH 545D,84921,1-18,B J Kaya
PATH,Extramural Elective in PathRestriction: Major,PATH 545F,84922,1-18,K S Thompson
PED,Pediatric Seminars,PED 501,84908,1,L G Yamamoto
PED,Pediatric Shadowing Encounters,PED 503,85749,1,L G Yamamoto
PED,Intro to Research,PED 506,84909,1,L G Yamamoto
PED,Peds Longitudinal ClerkshipRestriction: Major,PED 532,85748,5,K N Wong
PED,PED Elec: Adolescent MedicineRestriction: Major,PED 545B,85845,1-18,P H Francisco-Natanauan
PED,PED Elec: Ambulatory Ped CareRestriction: Major,PED 545C,85846,1-18,G M French
PED,PED Elec: Ped Child AbuseRestriction: Major,PED 545D,88061,3-6,TBA
PED,PED Elec: Clinical GeneticsRestriction: Major,PED 545E,85847,1-18,TBA
PED,PED Elec: Sub-I NeonatologyRestriction: Major,PED 545F,85848,1-18,S Kuo
PED,PED Elec: Pediatric CardiologyRestriction: Major,PED 545G,85850,1-18,A Bratincsak
PED,PED Elec: Sub-I Emergency MedRestriction: Major,PED 545H,85851,1-18,T K Hong
PED,PED Elec: Sub-I Hem/OncRestriction: Major,PED 545I,85891,1-18,D W Glaser
PED,PED Elec: Sub-I Infec DiseasesRestriction: Major,PED 545J,85893,1-18,M E Melish
PED,PED Elec: Sub-I Gen Ward PedRestriction: Major,PED 545K,85895,1-18,J M Kono
PED,PED Elec: Extramural ElectivesRestriction: Major,PED 545M,85902,1-18,L G Yamamoto
PED,PED Elec: Ped Rheumatology,PED 545N,85896,1-18,K S Yamamoto
PED,PED Elec: Dev. Behavioral Ped,PED 545P,85897,1-18,J K Okamoto
PED,PED Elec: Sub-I Ped Crtcl Care,PED 545R,85898,1-18,A Feng
PED,PED Elec: Pediatric Radiology,PED 545S,85899,1-18,K N Kon
PED,PED Elec: Pediatric Ultrasound,PED 545T,85900,1-18,K N Kon
PED,PED Elec: Pediatric Nephrology,PED 545U,85894,1-18,R L Lau
PED,PED Elec: Pediatric Sports Med,PED 545V,85901,1-18,J R King
PED,PED Elec: Ped NeurologyRestriction: Major,PED 545W,88060,3-6,TBA
PED,PED Elec: Ped PulmonologyRestriction: Major,PED 545X,88059,3-6,TBA
PED,PED Elec: Ped Palliative CareRestriction: Major,PED 545Y,88048,3-6,TBA
PED,Directed Reading/Research,PED 599,84038,1-6,L G Yamamoto
PEPS,Environment & Agriculture,PEPS 310,83881,3,H Valenzuela
PEPS,Disease Ecology,PEPS 340,88234,3,A J Jani
PEPS,Invasive Pest Species,PEPS 350,88550,3,D Z Rubinoff
PEPS,General Entomology,PEPS 363,88208,3,I Shikano
PEPS,General Entomology Laboratory,PEPS 363L,88209,1,I Shikano
PEPS,Soil & Plant Health Management,PEPS 410,83602,2,K Wang
PEPS,Foundations of Pest Management,PEPS 421,84243,4,Z Cheng
PEPS,Epidemiology & Disease Mgmt,PEPS 430,88551,3,J S Luis
PEPS,Applied UAS Ops for Agr & EnvrRestriction: College,PEPS 437,88135,3,D M Jenkins
PEPS,Environmental Law,PEPS 451,82748,3,B Sipes
PEPS,PEPS Capstone,PEPS 495,85699,4,J Tay
PEPS,Bio Pl Path: Bact & Viruses,PEPS 606,83078,4,J Zhou
PEPS,Insect Physiology,PEPS 641,88215,4,P Aigbedion-Atalor
PEPS,Seminar in Plant Pathology,PEPS 660,80904,1,J S Luis
PEPS,Seminar in Entomology,PEPS 690,88216,1,S Yoon
PEPS,Special Topics,PEPS 691,85064,1-4,B Sipes
PEPS,Special Topics,PEPS 691,86878,1-4,M G Wright
PH,Introduction to Public Health,PH 201,82459,3,D C Nelson
PH,Public Health Issues in Hawaii,PH 202,82721,3,L A Kehl
PH,Introduction to Global Health,PH 203,82722,3,U Patil
PH,Quantitative Reasoning for PHRestriction: Major,PH 210,83864,3,K I Yang
PH,Quantitative Reasoning for PHRestriction: Major,PH 210,84490,3,K I Yang
PH,Public Health Student SuccessRestriction: Major,PH 211,87570,2,U Patil
PH,Introduction to EpidemiologyRestriction: Major,PH 310,82164,3,K I Yang
PH,Environmental Health,PH 340,85584,3,Y Lu
PH,PH Biology & Pathophys,PH 341,82460,3,S Li
PH,Introduction to Biostatistics,PH 350,89223,3,K I Yang
PH,Nutrition & Disease Prevention,PH 411,89243,3,V L Cunanan
PH,Indiv & Group Health Promotion,PH 420,83865,3,D A Stupplebeen
PH,Community Health Promotion,PH 422,89164,3,J C Sumibcay
PH,Health Policy & Management,PH 430,89089,3,T Rogers
PH,Introduction to One Health,PH 441,87571,3,D Johnson
PH,Environment and Microorganisms,PH 445,86428,3,Y Lu
PH,Application of PH PrinciplesRestriction: Instructor Approval,PH 480,82723,4,D C Nelson
PH,Application of PH PrinciplesRestriction: Instructor Approval,PH 480,85585,4,U Patil
PH,PH Applied Learning ExperienceRestriction: Instructor Approval,PH 485,85065,3,L A Kehl
PH,PH Undergrad Capstone SeminarRestriction: Instructor Approval,PH 489,83054,3,U Patil
PH,"Pgm Plan, Mgt, Eval & LeadrshpRestriction: Major",PH 648,87573,3,D A Stupplebeen
PH,Biostatistics IIRestriction: Major,PH 656,84290,3,S Li
PH,Computer Applications in PHRestriction: Major,PH 658,80980,3,Y Wu
PH,Principles of Epidemiology IIRestriction: Major,PH 664,80823,3,J Y Huang
PH,Sem: Infectious Disease CntrlRestriction: Major,PH 666,81231,3,D Johnson
PH,Epidemiological Stdy Dsgn CrtqRestriction: Major,PH 669,81579,2,V L Cunanan
PH,Leading Health ProgramsRestriction: Major,PH 672,89121,3,T L Sentell
PH,"Native Hlth Eth, Law, & PlcyRestriction: Major",PH 673,85610,3,L M Riley
PH,Pre-PracticumRestriction: Major,PH 692,88073,1,L A Kehl
PH,Health Promotion ResearchRestriction: Major,PH 702,89122,3,P W Hwang
PH,Comm-Based Participatory RsrchRestriction: Major,PH 704,83328,3,J J Chung-Do
PH,Indigenous Applied Rsrch MthdsRestriction: Major,PH 728,87575,2-3,M C Antonio
PH,Chronic Disease EpidemiologyRestriction: Major,PH 748,82101,3,V L Cunanan
PH,Doc Sem: Evidence-Based PHRestriction: Major,PH 770D,89125,3,J J Sugimoto-Matsuda
PH,Teaching PracticumRestriction: Instructor Approval,PH 771,85025,3,M C Antonio
PH,Research PracticumRestriction: Major,PH 772,85026,1-3,E L Hurwitz
PH,Public Health Sciences SeminarRestriction: Instructor Approval,PH 788,83733,1-4,E L Hurwitz
PH,Public Health Sciences SeminarRestriction: Instructor Approval,PH 788,89392,1-4,K Braun
PH,Public Health Sciences SeminarRestriction: Instructor Approval,PH 788,89391,1-4,J J Chung-Do
PH,Integrative SeminarRestriction: Instructor Approval,PH 789,85969,2,S R Scott
PHIL,Intro to Phil: Survey of Prob,PHIL 100,85183,3,T B Yos
PHIL,Intro to Phil:Morals & Society,PHIL 101,85184,3,TBA
PHIL,Intro Phil: Environmental Phil,PHIL 103,85494,3,S Odin
PHIL,Intro to Deductive Logic,PHIL 110,85185,3,X Yuan
PHIL,Intro to Inductive Logic,PHIL 111,82545,3,M Ishida
PHIL,Intro to Inductive Logic,PHIL 111,85523,3,M Ishida
PHIL,Intro to Inductive Logic,PHIL 111,85525,3,M Ishida
PHIL,How to Be Happy,PHIL 121,86007,3,P Chen
PHIL,How to Be Happy,PHIL 121,88398,3,K Maitra
PHIL,Intro to World Phil II,PHIL 131,83920,3,A T Kelly
PHIL,Medieval to Enlightenment Phil,PHIL 212,84306,3,H H Jaffry
PHIL,Philosophy and Science Fiction,PHIL 242,89161,3,J Bullard
PHIL,Social Philosophy,PHIL 303,87349,3,D M Simone
PHIL,Metaphysics,PHIL 304,86503,3,N A Sims
PHIL,Philosophy of Religion,PHIL 305,86501,3,R A Mannette
PHIL,Philosophy of Art,PHIL 306,88804,3,S Odin
PHIL,Philosophy of Education,PHIL 309,88805,3,M Ishida
PHIL,Ethics in Health Care,PHIL 310,85186,3,T B Hunter
PHIL,Philosophy of Law,PHIL 318,89160,3,B K Mackintosh
PHIL,AI Ethics,PHIL 326,88806,3,G T Tsai
PHIL,Hawaiian Philos.: Aloha 'Aina,PHIL 340,85530,3,B D Watson
PHIL,Indian Philosophy,PHIL 350,85187,3,V Dalmiya
PHIL,Buddhist Philosophy,PHIL 360,88807,3,S M Smith
PHIL,Chinese Philosophy,PHIL 370,83921,3,L Choo
PHIL,Meaning of War,PHIL 387,87432,3,B R Hallett
PHIL,Meaning of War,PHIL 387,88382,3,B R Hallett
PHIL,Meaning of War,PHIL 387,89077,3,W G Hubbard
PHIL,WMvts & Pds: British Empiricsm,PHIL 414G,88809,3,F T Perkins
PHIL,Feminist Issues in Philosophy,PHIL 418,88808,3,K Maitra
PHIL,Philosophy with Children,PHIL 492,80821,3,T B Yos
PHIL,Teaching Philosophy,PHIL 493,82542,3,B T Lukey
PHIL,Sem on Individual Philosophers,PHIL 720,89522,3,B Louden
PHIL,Seminar in Buddhist Philosophy,PHIL 760,88811,3,S M Smith
PHYL,Human Anatomy & Physiology,PHYL 142,81373,3,N K Kawasaki
PHYL,Human Anatomy & Physiology,PHYL 142,85768,3,J K Higa
PHYL,Human Anatomy & Physiology Lab,PHYL 142L,80562,1,J K Higa
PHYL,Human Anatomy & Physiology Lab,PHYL 142L,87245,1,J K Higa
PHYL,Human Anatomy & Physiology Lab,PHYL 142L,80560,1,J K Higa
PHYL,Human Anatomy & Physiology Lab,PHYL 142L,80559,1,J K Higa
PHYL,Human Anatomy & Physiology Lab,PHYL 142L,85391,1,J K Higa
PHYL,Human Anatomy & Physiology Lab,PHYL 142L,85392,1,J K Higa
PHYL,Human Anatomy & Physiology Lab,PHYL 142L,87246,1,J K Higa
PHYL,Human Anatomy & Physiology Lab,PHYL 142L,83430,1,J K Higa
PHYL,Human Anatomy & Physiology Lab,PHYL 142L,81452,1,N K Kawasaki
PHYL,Human Anatomy & Physiology Lab,PHYL 142L,80561,1,J K Higa
PHYL,Human Anatomy & Physiology Lab,PHYL 142L,81506,1,N K Kawasaki
PHYL,Human Anatomy & Physiology Lab,PHYL 142L,87247,1,J K Higa
PHYL,Human Anatomy & Physiology Lab,PHYL 142L,86407,1,J K Higa
PHYL,Human Anatomy & Physiology Lab,PHYL 142L,86408,1,J K Higa
PHYL,Advanced Anatomy & Physiology,PHYL 302,81374,4,J K Higa
PHYL,Human Anatomy & Physiology Lab,PHYL 302L,81505,1,J K Higa
PHYL,Human Phyl:  Integrative Syst,PHYL 402,82432,4,J K Higa
PHYS,Survey of Physics,PHYS 100,80563,3,C E Junkermeier
PHYS,Survey of Physics Laboratory,PHYS 100L,80564,1,P A Von Doetinchem
PHYS,Survey of Physics Laboratory,PHYS 100L,80565,1,P A Von Doetinchem
PHYS,College Physics,PHYS 151,80566,3,M A Nassir
PHYS,College Physics,PHYS 151,85484,3,M A Nassir
PHYS,College Physics Laboratory I,PHYS 151L,81048,1,P A Von Doetinchem
PHYS,College Physics Laboratory I,PHYS 151L,80567,1,P A Von Doetinchem
PHYS,College Physics Laboratory I,PHYS 151L,86057,1,P A Von Doetinchem
PHYS,College Physics Laboratory I,PHYS 151L,84411,1,P A Von Doetinchem
PHYS,College Physics Laboratory I,PHYS 151L,80568,1,P A Von Doetinchem
PHYS,College Physics Laboratory I,PHYS 151L,82235,1,P A Von Doetinchem
PHYS,College Physics Laboratory I,PHYS 151L,83132,1,P A Von Doetinchem
PHYS,College Physics Laboratory I,PHYS 151L,80569,1,P A Von Doetinchem
PHYS,College Physics Laboratory I,PHYS 151L,80571,1,P A Von Doetinchem
PHYS,College Physics Laboratory I,PHYS 151L,80570,1,P A Von Doetinchem
PHYS,College Physics Laboratory I,PHYS 151L,86609,1,P A Von Doetinchem
PHYS,College Physics Laboratory I,PHYS 151L,86607,1,P A Von Doetinchem
PHYS,College Physics Laboratory I,PHYS 151L,86608,1,P A Von Doetinchem
PHYS,College Physics Laboratory I,PHYS 151L,89009,1,P A Von Doetinchem
PHYS,College Physics,PHYS 152,80572,3,Z Li
PHYS,College Physics Laboratory II,PHYS 152L,80573,1,P A Von Doetinchem
PHYS,College Physics Laboratory II,PHYS 152L,80987,1,P A Von Doetinchem
PHYS,College Physics Laboratory II,PHYS 152L,82026,1,P A Von Doetinchem
PHYS,College Physics Laboratory II,PHYS 152L,82226,1,P A Von Doetinchem
PHYS,College Physics Laboratory II,PHYS 152L,80574,1,P A Von Doetinchem
PHYS,College Physics Laboratory II,PHYS 152L,81837,1,P A Von Doetinchem
PHYS,College Physics Laboratory II,PHYS 152L,83133,1,P A Von Doetinchem
PHYS,College Physics Laboratory II,PHYS 152L,87299,1,P A Von Doetinchem
PHYS,General Physics I,PHYS 170,80575,4,K D Sattler
PHYS,General Physics I,PHYS 170,82500,4,C E Junkermeier
PHYS,General Physics I,PHYS 170,80576,4,C E Junkermeier
PHYS,General Physics IRestriction: Honors Program Approval,PHYS 170A,87358,4,P M Lewis
PHYS,General Physics I Laboratory,PHYS 170L,80577,1,P A Von Doetinchem
PHYS,General Physics I Laboratory,PHYS 170L,82724,1,P A Von Doetinchem
PHYS,General Physics I Laboratory,PHYS 170L,87298,1,P A Von Doetinchem
PHYS,General Physics I Laboratory,PHYS 170L,81489,1,P A Von Doetinchem
PHYS,General Physics I Laboratory,PHYS 170L,80578,1,P A Von Doetinchem
PHYS,General Physics I Laboratory,PHYS 170L,86058,1,P A Von Doetinchem
PHYS,General Physics I Laboratory,PHYS 170L,89120,1,P A Von Doetinchem
PHYS,General Physics I Laboratory,PHYS 170L,81049,1,P A Von Doetinchem
PHYS,General Physics I Laboratory,PHYS 170L,83600,1,P A Von Doetinchem
PHYS,General Physics II,PHYS 272,80579,3,O V Dvornikov
PHYS,General Physics II,PHYS 272,82501,3,O V Dvornikov
PHYS,General Physics II,PHYS 272,86773,3,O V Dvornikov
PHYS,General Physics II,PHYS 272A,89163,3,O V Dvornikov
PHYS,General Physics II Laboratory,PHYS 272L,80580,1,P A Von Doetinchem
PHYS,General Physics II Laboratory,PHYS 272L,86610,1,P A Von Doetinchem
PHYS,General Physics II Laboratory,PHYS 272L,80988,1,P A Von Doetinchem
PHYS,General Physics II Laboratory,PHYS 272L,82502,1,P A Von Doetinchem
PHYS,General Physics II Laboratory,PHYS 272L,89050,1,P A Von Doetinchem
PHYS,General Physics II Laboratory,PHYS 272L,82027,1,P A Von Doetinchem
PHYS,General Physics II Laboratory,PHYS 272L,86611,1,P A Von Doetinchem
PHYS,General Physics II Laboratory,PHYS 272L,81838,1,P A Von Doetinchem
PHYS,General Physics II Laboratory,PHYS 272L,84412,1,P A Von Doetinchem
PHYS,General Physics II Laboratory,PHYS 272L,89051,1,P A Von Doetinchem
PHYS,General Physics III,PHYS 274,80581,3,J Maricic
PHYS,General Physics III Laboratory,PHYS 274L,80582,2,M A Nassir
PHYS,Computational Physics,PHYS 305,82044,4,S Li
PHYS,Theoretical Mechanics II,PHYS 311,80583,3,D A Rubin
PHYS,Thermodynamics & Stat Mechanic,PHYS 430,80584,3,C A Vause
PHYS,Electromagnetic Waves,PHYS 450,80585,3,E Szarmes
PHYS,Physical Optics,PHYS 460,89233,3,B Wu
PHYS,Gen. Relativity & Cosmology,PHYS 470,88894,3,D M Farrah
PHYS,Mod Electronics for Physicists,PHYS 476,87322,3,K Yoshihara
PHYS,Quantum Mechanics II,PHYS 481,80586,3,T Browder
PHYS,Advanced Physics Lab II,PHYS 481L,80587,2,J G Learned
PHYS,Advanced Physics Lab II,PHYS 481L,85460,2,J G Learned
PHYS,Prof Ethics for PhysicistsRestriction: Major,PHYS 485,84227,1,P W Gorham
PHYS,Prof Ethics for PhysicistsRestriction: Major,PHYS 485,89052,1,J E Barnes
PHYS,Modern Physics,PHYS 490,81129,3,S E Vahsen
PHYS,Methods of Theoretical Physics,PHYS 600,89055,3,D M Marfatia
PHYS,Electrodynamics II,PHYS 651,81488,3,C A Vause
PHYS,Quantum Mechanics,PHYS 671,86189,3,J P Kumar
PHYS,Seminar,PHYS 690,82993,1,J G Learned
PHYS,Sem on Elem Particle Physics,PHYS 696,81130,1,J P Kumar
PHYS,Statistical Physics II,PHYS 731,87331,3,S Still
PHYS,Modern General RelativityRestriction: Major,PHYS 760,89053,3,J A Sakstein
PHYS,Nuclear & Particle Physics II,PHYS 778,89054,3,B Q Henning
PLAN,Introduction to Planning,PLAN 310,80595,3,S Raj
PLAN,Introduction to Planning,PLAN 310,82038,3,E French
PLAN,Introduction to Planning,PLAN 310,89485,3,TBA
PLAN,Hazards and Resilience,PLAN 414,85423,3,TBA
PLAN,GIS for Community &Enviro Plan,PLAN 473,85351,3,S Shen
PLAN,Advanced Planning Theory,PLAN 602,89059,3,A K Das
PLAN,Urban EconomicsRestriction: Major,PLAN 603,87333,3,J Park
PLAN,Planning ModelsRestriction: Major,PLAN 605,89058,3,J Park
PLAN,Environmental Planning/Policy,PLAN 620,84248,3,D C Milz
PLAN,Coastal Planning & Management,PLAN 623,89066,3,E French
PLAN,Negotiation & Conflict Resol'n,PLAN 629,85228,3,D C Milz
PLAN,Land Use Policies & Programs,PLAN 640,83418,3,S Raj
PLAN,Advanced GIS and Geospatial AI,PLAN 656,87404,3,S Shen
PLAN,Seminar in DMHA,PLAN 670,89067,3,K E Kim
PLAN,Understanding Natural Disaster,PLAN 671,89460,3,N Gauer Pasqualon
PLAN,Health and Built EnvironmentRestriction: Major,PLAN 682,88184,3,C D Weber
PLAN,Planning Practicum,PLAN 751,85357,6,P Das
PLAN,Directed ProjectRestriction: Major,PLAN 752,81033,1-6,K E Kim
POLS,Intro to Political Science,POLS 110,82747,3,L B Thang
POLS,Intro to Political Science,POLS 110,86486,3,N Rakinawasan
POLS,Intro to Political Science,POLS 110,88401,3,D Samaniego
POLS,Intro to World Politics,POLS 120,87721,3,K X Zhou
POLS,Intro to Global Politics,POLS 150,86487,3,E Kimura
POLS,Intro to Int & Global Studies,POLS 160,86691,3,K Y Manabe
POLS,Hawaii Politics,POLS 301,83042,3,U M Cagivanua
POLS,Native Hawaiian Politics,POLS 302,84455,3,A A Donaldson
POLS,Global Politics/Comparative,POLS 305,82729,3,A Mota Alves
POLS,Chinese Political Economy,POLS 308,83645,3,K X Zhou
POLS,Global Politics/Intl Relations,POLS 315,87383,3,D Samaniego
POLS,Global Politics/Intl Relations,POLS 315,88515,3,S Krishna
POLS,International Law,POLS 317,87384,3,N Soguk
POLS,Global Environmental Politics,POLS 324,87719,3,C M Stephenson
POLS,History of Political Thought,POLS 335,81643,3,G B Werner
POLS,History of Political Thought,POLS 335,83385,3,R R Murphy
POLS,Feminist Theory,POLS 339,84435,3,M Koikari
POLS,The Politics of Media,POLS 341,89501,3,J Grove
POLS,Political Design & Futuristics,POLS 342,88516,3,N S Grove
POLS,The Politics of Film,POLS 343,89404,3,E R Weisiger
POLS,Politics in Hawn Lang MediaRestriction: Instructor Approval,POLS 344,88517,3,N K Silva
POLS,Disability Law & Politics,POLS 367,86504,3,K C Heyer
POLS,Con Law I: Institutions,POLS 375,89385,3,J Goldberg-Hiller
POLS,Con Law II: Rights,POLS 376,84359,3,K C Heyer
POLS,Environmental Law and Politics,POLS 380,89517,3,S M Saastamoinen
POLS,American Politics,POLS 385,83043,3,B D Watson
POLS,American Politics,POLS 385,86505,3,J Grove
POLS,Public Policy-MakingRestriction: Instructor Approval,POLS 386,82039,3,L H Nitz
POLS,Political Inquiry & Analysis,POLS 390,81532,3,D I Saranillio
POLS,Political Inquiry & Analysis,POLS 390,82499,3,J N Goodyear-Kaopua
POLS,Nonviolent Political Alterntvs,POLS 396,83130,3,C M Stephenson
POLS,Teaching Political ScienceRestriction: Instructor Approval,POLS 401,82475,3,J Goldberg-Hiller
POLS,Legislative InternshipsRestriction: Instructor Approval,POLS 402,82473,6-12,L H Nitz
POLS,Community InternshipRestriction: Instructor Approval,POLS 403,82472,3-6,L H Nitz
POLS,Senior ThesisRestriction: Instructor Approval,POLS 404,81422,3,J Goldberg-Hiller
POLS,Executive InternshipRestriction: Instructor Approval,POLS 405,82197,3-6,L H Nitz
POLS,Senior Sem in Political Sci,POLS 406,88356,3,N Soguk
POLS,Senior Sem in Political Sci,POLS 406,89304,3,S Krishna
POLS,Congressional InternshipRestriction: Instructor Approval,POLS 408,82474,6,L H Nitz
POLS,Intl Conflict Resolution,POLS 633,88523,3,C M Stephenson
POLS,Amer Pol Inst In Comp Perspect,POLS 647,88524,3,D I Saranillio
POLS,Future of Political Systems,POLS 673,88529,3,N S Grove
POLS,Asian and/or Pacific Politics,POLS 680,89365,3,E Kimura
POLS,Contemp Native Hawaiian Pol,POLS 684,88525,3,J N Goodyear-Kaopua
POLS,Seminar: Political Thought,POLS 710,88526,3,K E Ferguson
POLS,Seminar: Indigenous Theory,POLS 720,88527,3,N K Silva
POLS,Sem: International Relations,POLS 730,87402,3,F Mantz
PORT,Intermediate Portuguese,PORT 202,88719,3,S C Reemelin
PSTY,Psych Longitudinal ClerkshipRestriction: Major,PSTY 532,84923,5,G C Gavero
PSTY,PSTY Elec: Adult Inpt PSTYRestriction: Major,PSTY 545B,84954,1-18,TBA
PSTY,PSTY Elec: Forensic PSTYRestriction: Major,PSTY 545D,84956,1-18,TBA
PSTY,PSTY Elec: Comm Mental HealthRestriction: Major,PSTY 545F,84957,1-18,TBA
PSTY,PSTY Elec:PSTY Concurrent ElecRestriction: Major,PSTY 545G,84958,1-18,J M Streltzer
PSTY,PSTY Elec: Sub-I in Adult PSTYRestriction: Major,PSTY 545H,84959,1-18,J Takeshita
PSTY,PSTY Elec: Substance AbuseRestriction: Major,PSTY 545I,84960,1-18,M Kiyokawa
PSTY,PSTY Elec: PSTY Asp of Reh MedRestriction: Major,PSTY 545J,84961,1-18,J M Streltzer
PSTY,PSTY Elec: PSTY Asp of SURGRestriction: Major,PSTY 545K,84962,1-18,J M Streltzer
PSTY,PSTY Elec: PSTY Consult-LiaisnRestriction: Major,PSTY 545M,84963,1-18,D P Cho
PSTY,PSTY Elec: PTSDRestriction: Major,PSTY 545N,84964,1-18,TBA
PSTY,PSTY Elec:Extramural PSTY ElecRestriction: Major,PSTY 545O,84965,1-18,G C Gavero
PSTY,PSTY Elec: Rural Child PSTYRestriction: Major,PSTY 545R,84966,1-9,TBA
PSTY,PSTY Elec: Public & Rural PSTYRestriction: Major,PSTY 545S,84967,1-9,TBA
PSTY,PSTY Elec: Mental Hlth ResrchRestriction: Major,PSTY 545T,81463,6-12,J M Onoye
PSY,Survey of Psychology,PSY 100,80625,3,I Kim
PSY,Survey of Psychology,PSY 100,80626,3,A Masuda
PSY,Survey of Psychology,PSY 100,86305,3,S Gao
PSY,Survey of Research Methods,PSY 212,82517,4,C L Hendrix
PSY,Survey of Research Methods,PSY 212,82518,4,C L Hendrix
PSY,Survey of Research Methods,PSY 212,82519,4,C L Hendrix
PSY,Survey of Research Methods,PSY 212,82520,4,C L Hendrix
PSY,Survey of Research Methods,PSY 212,82521,4,C L Hendrix
PSY,Survey of Research Methods,PSY 212,82522,4,C L Hendrix
PSY,Survey of Research Methods,PSY 212,85989,4,V Diaz Benitez
PSY,Statistical Techniques,PSY 225,82207,3,K Y Soma Tsutsuse
PSY,Statistical Techniques,PSY 225,83916,3,I Kim
PSY,Developmental Psychology,PSY 240,85340,3,A V Astorga
PSY,Social Psychology,PSY 250,83067,3,S L Auelua-Toomey
PSY,Intro to Clinical Psychology,PSY 270,86565,3,H R Turner
PSY,Intro to Community Psychology,PSY 280,85375,3,K A Haapanen
PSY,Intro to Ed Psych,PSY 301,87526,3,R D Todorovich
PSY,Intro to Ed Psych,PSY 301,87527,3,R D Todorovich
PSY,Intro to Ed Psych,PSY 301,87528,3,L Kruse
PSY,Intro to Ed Psych,PSY 301,87529,3,L Kruse
PSY,Intro to Ed Psych,PSY 301,87530,3,S K Ashley
PSY,Psychology of Emotion,PSY 324,83935,3,M Soares Miehlstein
PSY,Cognitive Psychology,PSY 325,83917,3,K Y Soma Tsutsuse
PSY,Sensation and Perception,PSY 336,88553,3,I Kim
PSY,Social Development of Children,PSY 341,85376,3,T A Stacy
PSY,Cross-Cultural Psychology,PSY 351,85377,3,L Lucas
PSY,Abnormal Psychology,PSY 371,81790,3,N R Martin
PSY,Consumer BehaviorRestriction: Major,PSY 385,89505,3,S Kitkuakul
PSY,Consumer BehaviorRestriction: Major,PSY 385,89504,3,S Kitkuakul
PSY,History of Psychology,PSY 402,85812,3,D M Rempala
PSY,"General Psy:  Advanced Topics(The Psychology of Star Trek: Interpretation, Analysis, & Application of Psychological Concepts in Pop Culture)Restriction: Major",PSY 409,89400,3,R L Azman
PSY,"Experimental Psy: Advance Tpcs(Cognition, Perception, and Memory)Restriction: Major",PSY 429,85401,3,S C Sinnett
PSY,Experimental Psy: Advance Tpcs(Exploring AI through the Lens of Psychology)Restriction: Major,PSY 429,88349,3,I Kim
PSY,Experimental Psy: Advance Tpcs(Culture and Cognition)Restriction: Major,PSY 429,84275,3,J Y Sasaki
PSY,Experimental Psy: Advance Tpcs(Culture and Cognition)Restriction: Major,PSY 429,87417,3,J Y Sasaki
PSY,Experimental Psy: Advance Tpcs(Cognitive Science and Programming Basics)Restriction: Major,PSY 429,88792,3,I Kim
PSY,Psychobiology: Advanced Topics(Brain Mapping)Restriction: Major,PSY 439,83918,3,J Vibell
PSY,Developmental Psy:  Adv Topics(Doing Research with Children)Restriction: Major,PSY 449,84276,3,Y Xu
PSY,Social Psy: Advanced Topics(Children's Understanding of Race)Restriction: Major,PSY 459,85777,3,K J Pauker
PSY,Social Psy: Advanced Topics(The Psychology of Colonization)Restriction: Major,PSY 459,86826,3,S L Auelua-Toomey
PSY,Social Psy: Advanced Topics(Cross-Cultural Psychology)Restriction: Major,PSY 459,87418,3,C K Baker
PSY,Health Psychology,PSY 476,89439,3,J D Latner
PSY,Adjust/Treat/Prevent: Adv Tpcs(Abnormal Child Psychology)Restriction: Major,PSY 479,88307,3,P K Goh
PSY,Adjust/Treat/Prevent: Adv Tpcs(The Psychology of Serial Killers)Restriction: Major,PSY 479,89398,3,D R Fryxell
PSY,Adjust/Treat/Prevent: Adv Tpcs(Mental Illness in Films)Restriction: Major,PSY 479,89399,3,C F Acra
PSY,Adjust/Treat/Prevent: Adv Tpcs(Psychology of Weight and Eating)Restriction: Major,PSY 479,89438,3,J D Latner
PSY,Principles of LearningRestriction: Major,PSY 622,88555,3,P A Couvillon
PSY,Cognitive PsychologyRestriction: Major,PSY 626,88556,3,J Vibell
PSY,Introduction to Assessment IIRestriction: Major,PSY 672,80632,3,P K Goh
PSY,Treatment ResearchRestriction: Instructor Approval,PSY 675,86318,3,S Papini
PSY,Psychopathology,PSY 676,87429,3,S Papini
PSY,Child PracticumRestriction: Major,PSY 677,82523,1-3,B J Nakamura
PSY,Adult PracticumRestriction: Major,PSY 678,86733,1-3,A Masuda
PSY,External PracticumRestriction: Major,PSY 679,82582,3,A Masuda
PSY,Sem in Experimental Psychology(Attention and Perception)Restriction: Major,PSY 721,88557,3,S C Sinnett
PSY,Seminar in Social Psychology(Development of Stereotyping and Prejudice)Restriction: Major,PSY 751,88559,3,K J Pauker
PSY,Seminar in Clinical Psychology(Professional Development Seminar in Clinical Psychology)Restriction: Major,PSY 774,88558,1-3,A Papa
PSY,Community Psychology Seminar(Community Interventions)Restriction: Major,PSY 781,82524,3,C K Baker
PSY,Community Psychology Seminar(Program Evaluation)Restriction: Major,PSY 781,87431,3,K A Haapanen
PUBA,Leadership and EthicsRestriction: Major,PUBA 604,86548,3,D C Nixon
PUBA,Public Admin Personnel MgmntRestriction: Major,PUBA 606,83073,3,H H Yu
PUBA,Public Admin Research MethodsRestriction: Major,PUBA 607,83076,3,D C Nixon
PUBA,Public BudgetingRestriction: Major,PUBA 608,83381,3,G Park
PUBA,Political Env of Public Orgs,PUBA 621,88991,3,S Jeong
PUBA,Nonprof Mgmt Pract and Tools,PUBA 631,83075,3,J A Kagan
PUBA,Capstone SeminarRestriction: Department Approval,PUBA 696,85719,3,J A Kagan
QHS,Generalized Linear ModelRestriction: Instructor Approval,QHS 602,83682,3,C K Siriwardhana
QHS,Bioinformatics II,QHS 611,87822,3,Y Deng
QHS,ML for Biomedical Data Science,QHS 612,88774,3,V S Khadka
QHS,Intro to Clinical Trials,QHS 620,88232,2,M R Taafaki
QHS,Design of Clinical Trials,QHS 621,88761,2,C K Siriwardhana
QHS,QHCR Research Seminar,QHS 646,85327,1,C K Siriwardhana
QHS,Secondary Data Analysis,QHS 650,83843,3,E Lim
QHS,Spl Topics in QHS(Epidemiology of Chronic Diseases II),QHS 670,86615,2,B L Rodriguez
QHS,Biostatistical ConsultingRestriction: Instructor Approval,QHS 675,89285,2,J J Chen
QHS,Biostat Consulting PracticumRestriction: Instructor Approval,QHS 676,84226,1-2,J J Chen
QHS,Clinical Literature Appraisal,QHS 680,88759,3,J J Chen
RE,Principles of Real EstateRestriction: College,RE 300,83906,3,M E Itoh
RE,Real Estate Appraisal/AnalysisRestriction: College,RE 330,83390,3,M E Itoh
RE,Real Estate Fin & InvestmentRestriction: College,RE 420,88863,3,Y Chen
RE,Real Estate Investment AnalyRestriction: Major,RE 674,88864,3,Y Chen
REL,Intro to the World's Goddesses,REL 149,85516,3,A R Candens
REL,Intro to the World's Major Rel,REL 150,81365,3,R Lamb
REL,Intro to the World's Major Rel,REL 150,88871,3,G Kinkley
REL,Religion and the Environment,REL 170,88676,3,C W Madrone
REL,Understandng Japanese Religion,REL 204,88662,3,M Mohr
REL,Understandng Hawaiian Religion,REL 205,87209,3,M A Brown
REL,Biblical Hebrew II,REL 302,85839,3,M L Libman
REL,On Death and Dying,REL 394,88901,3,M Mohr
REL,Daoism: Philosophy & Religion,REL 476,89103,3,J E Pettit
REL,Polynesian Religions,REL 492,88668,3,M A Brown
REL,Study of Religion in Practice,REL 602,88669,3,R Lamb
RUS,Elementary Russian,RUS 102,80858,3,A G Kostetskaya
RUS,Intermediate Russian,RUS 202,86419,3,A G Kostetskaya
SAM,Elementary Samoan,SAM 102,88769,4,J F Mayer
SAM,Elementary Samoan,SAM 102,84625,4,J F Mayer
SAM,Elementary Samoan,SAM 102,82534,4,J F Mayer
SAM,Intermediate Samoan,SAM 201,86261,4,E I Danielson
SAM,Intermediate Samoan,SAM 202,84626,4,E I Danielson
SAM,Intermediate Samoan,SAM 202,84627,4,E I Danielson
SLS,Intro to Pidgin in Hawai`i,SLS 130,85833,3,TBA
SLS,Learn Language & Communicate,SLS 150,85223,3,TBA
SLS,Language by the Numbers,SLS 170,87637,3,TBA
SLS,Language by the Numbers,SLS 170,87638,3,TBA
SLS,Bilingualism,SLS 280,88721,3,T Gruter Nell
SLS,Second Language LearningRestriction: Instructor Approval,SLS 302,84628,3,N A Ziegler
SLS,Second Language Learning,SLS 302,85221,3,TBA
SLS,Socioling of Multilingualism,SLS 304,85343,3,TBA
SLS,Second Language Testing,SLS 311,85292,3,TBA
SLS,"Digi Literacies, Media, Lang",SLS 318,88722,3,D Zheng
SLS,Pidgin & Creole Eng in Hawaii,SLS 430,85217,3,K K Sakoda
SLS,Second Language Pedagogy(Ethical issues in multilingual schools and societies),SLS 480P,88723,3,G V Crookes
SLS,Professionalism in SLSRestriction: Major,SLS 485,87641,3,R C Cunningham
SLS,Second Language Assessment,SLS 611,88729,3,D R Isbell
SLS,Compar Grammar and Second Lang,SLS 642,89001,3,B D Schwartz
SLS,Sociolinguistics & Second Lang,SLS 660,85209,3,C M Higgins
SLS,Research in Language Testing,SLS 671,88728,3,D R Isbell
SLS,Sec Lang Qualitative Research,SLS 675,88727,3,E A Gilliland
SLS,Topics: SL Analysis(Generative approaches to L2 (morpho)syntax),SLS 680N,87643,3,B D Schwartz
SLS,Topics: SL Use(Public sociolinguistics in multilingual Hawai'i),SLS 680U,88726,3,C M Higgins
SLS,Sem in Second Lang Education(Transformative L2 Pedagogy),SLS 730,81375,3,G V Crookes
SLS,Sem in Second Lang Acquisitn(Eye-Tracking),SLS 750,88725,3,T Gruter Nell
SLS,Seminar in Second Language Use(Multimodality),SLS 760,89008,3,D Zheng
SNSK,Introduction to Sanskrit II,SNSK 102,86750,3,J R Knutson
SNSK,Advanced Readings in Sanskrit,SNSK 685,87954,3,J R Knutson
SOC,Introduction to Sociology,SOC 100,85907,3,M C Rost-Banik
SOC,Introduction to Sociology,SOC 100,80660,3,M C Rost-Banik
SOC,Introduction to Sociology,SOC 100,88286,3,L Lin
SOC,Introduction to Sociology,SOC 100,86376,3,TBA
SOC,Introduction to Sociology,SOC 100,87724,3,M C Rost-Banik
SOC,Introduction to Data Analysis,SOC 176,87715,3,S Chai
SOC,Intro to Int & Global Studies,SOC 180,86692,3,K Y Manabe
SOC,Intro to Race & Ethnic Relatns,SOC 214,85244,3,N R Sharma
SOC,Intro to Sociolgy of the Famly,SOC 251,85643,3,TBA
SOC,Intro to Sociolgy of the Famly,SOC 251,85991,3,TBA
SOC,Prin of Sociological Inquiry,SOC 300,80661,4,E Paek
SOC,Prin of Sociological Inquiry,SOC 300,83661,4,E Paek
SOC,Prin of Sociological Inquiry,SOC 300,85822,4,TBA
SOC,Women and Health,SOC 305,86643,3,TBA
SOC,Sur Soc Ineqlty & Stratificatn,SOC 311,86640,3,TBA
SOC,Survey of Social Change,SOC 316,87744,3,M Yang
SOC,Survey of Sociological Theory,SOC 321,80662,3,TBA
SOC,Criminology,SOC 333,81357,3,D T Johnson
SOC,Drugs and Society,SOC 335,82756,3,TBA
SOC,Survey of Social Psychology,SOC 341,87742,3,B Joyce
SOC,Sociology of Happiness,SOC 344,88646,3,TBA
SOC,Survey of Medical Sociology,SOC 354,86683,3,K N Mossakowski
SOC,Chinese Society and Culture,SOC 356,88648,3,L Lin
SOC,Sustainability InternshipRestriction: Instructor Approval,SOC 394,88175,3,A Kimura
SOC,Sustainability InternshipRestriction: Instructor Approval,SOC 394,88431,3,A Kimura
SOC,Technology and Society,SOC 415,86642,3,TBA
SOC,Punishment & Society,SOC 432,87753,3,D T Johnson
SOC,Women and Crime,SOC 435,89423,3,M C Rost-Banik
SOC,Social Statistics,SOC 476,87765,3,TBA
SOC,Social Statistics Laboratory,SOC 476L,87772,1,TBA
SOC,Social Sciences InternshipRestriction: Instructor Approval,SOC 494,85767,3-6,U Hasager
SOC,Stats for Regression Analysis,SOC 605,80859,3,E Paek
SOC,Regression Analysis Laboratory,SOC 605L,80860,1,E Paek
SOC,Research Methods and Design,SOC 606,87775,3,J R Darrah
SOC,Contmporary Sociologicl Theory,SOC 612,81358,3,M Steger
SOC,Current Issues in Sociology,SOC 715,87778,3,M Yang
SOC,Sem Race and Ethn: Eth and Nat,SOC 725C,88671,3,S Chai
SOCS,Service Learning Micro Intern,SOCS 385,82561,1-3,U Hasager
SOCS,Social Sciences InternshipRestriction: Instructor Approval,SOCS 489,83756,3-6,U Hasager
SOCS,Social Sciences InternshipRestriction: Instructor Approval,SOCS 489,83898,3-6,K M Aquino
SOCS,Social Sciences InternshipRestriction: Instructor Approval,SOCS 489,88594,3-6,U Hasager
SPAN,Elementary Spanish,SPAN 101,80683,3,K A Galante
SPAN,Elementary Spanish,SPAN 101,80682,3,TBA
SPAN,Elementary Spanish,SPAN 101,81248,3,K A Galante
SPAN,Elementary Spanish,SPAN 101,81140,3,K A Galante
SPAN,Elementary Spanish,SPAN 101,81796,3,K A Galante
SPAN,Elementary Spanish,SPAN 101,81827,3,TBA
SPAN,Elementary Spanish,SPAN 101,83094,3,K A Galante
SPAN,Elementary Spanish,SPAN 101,83658,3,K A Galante
SPAN,Elementary Spanish,SPAN 101,85978,3,TBA
SPAN,Elementary Spanish,SPAN 101,88720,3,TBA
SPAN,Elementary Spanish,SPAN 102,80686,3,TBA
SPAN,Elementary Spanish,SPAN 102,80685,3,I Y Fitzgerald
SPAN,Elementary Spanish,SPAN 102,80684,3,K A Galante
SPAN,Elementary Spanish,SPAN 102,80687,3,R K Nylen
SPAN,Elementary Spanish,SPAN 102,80688,3,I Y Fitzgerald
SPAN,Elementary Spanish,SPAN 102,80689,3,K A Galante
SPAN,Elementary Spanish,SPAN 102,81490,3,K A Galante
SPAN,Elementary Spanish,SPAN 102,81999,3,K A Galante
SPAN,Elementary Spanish,SPAN 102,82034,3,R K Nylen
SPAN,Elementary Spanish,SPAN 102,83472,3,I Y Fitzgerald
SPAN,Elementary Spanish,SPAN 102,83659,3,K A Galante
SPAN,Elementary Spanish,SPAN 102,85459,3,K A Galante
SPAN,Elementary Spanish,SPAN 102,86567,3,L E Kou
SPAN,Elementary Spanish,SPAN 102,86569,3,L E Kou
SPAN,Elementary Spanish,SPAN 102,87326,3,R K Nylen
SPAN,Intermediate Spanish,SPAN 201,85189,3,J C Tome
SPAN,Intermediate Spanish,SPAN 201,85190,3,L E Kou
SPAN,Intermediate Spanish,SPAN 201,85066,3,J C Tome
SPAN,Intermediate Spanish,SPAN 201,85067,3,TBA
SPAN,Intermediate Spanish,SPAN 201,85191,3,J C Tome
SPAN,Intermediate Spanish,SPAN 201,85192,3,L E Kou
SPAN,Intermediate Spanish,SPAN 201,85068,3,J C Tome
SPAN,Intermediate Spanish,SPAN 201,88730,3,TBA
SPAN,Intermediate Spanish II,SPAN 202,86415,3,TBA
SPAN,Intermediate Spanish II,SPAN 202,85193,3,S C Reemelin
SPAN,Intermediate Spanish II,SPAN 202,85194,3,M J Cruz-Zayas
SPAN,Intermediate Spanish II,SPAN 202,85195,3,S C Reemelin
SPAN,Intermediate Spanish II,SPAN 202,85196,3,M J Cruz-Zayas
SPAN,Intermediate Spanish II,SPAN 202,85197,3,TBA
SPAN,Intermediate Spanish II,SPAN 202,85198,3,S C Reemelin
SPAN,Intermediate Spanish II,SPAN 202,85487,3,M J Cruz-Zayas
SPAN,Intermediate Spanish II,SPAN 202,86416,3,TBA
SPAN,Intermediate Spanish II,SPAN 202,86570,3,TBA
SPAN,Language and Writing I,SPAN 301,85199,3,I Y Fitzgerald
SPAN,Language and Writing I,SPAN 301,84568,3,R K Nylen
SPAN,Conversation I,SPAN 303,85069,3,L Aranda
SPAN,Intro Spanish-English Transltn,SPAN 305,88735,3,L Aranda
SPAN,Intro to Span/Eng Interpreting,SPAN 308,86417,3,L Aranda
SPAN,LatAmCS: Empires & Traditions,SPAN 352B,88737,3,B Quintana
SPAN,Spanish Language in Society,SPAN 400,88738,3,M Gonzalez-Lloret
SPAN,Spanish-Am Short Story & Essay,SPAN 683,88547,3,J Logan
SPAN,Seminar in Hispanic Literature,SPAN 695,87324,3,B Quintana
SPED,Disb & Diversity in the Media,SPED 201,85335,3,K R Wilkins
SPED,Fnds Inclusive Schlg,SPED 304,81633,3,C M Awana
SPED,Fnds Inclusive Schlg,SPED 304,83941,3,C M Awana
SPED,SPED Law & Compliance,SPED 306,88319,3,R L Knox
SPED,Education of Gifted Students,SPED 414,82461,3,H Park
STE,Child Dev Prenatal thru 8,STE 318,87582,3,S Han
STE,Resp Pedagogy Multiling Lrnrs,STE 328,86162,3,J M Oshiro
STE,Multicultural Perspectives Ed,STE 360,86161,3,R R Fujii
STE,SemInEdInquiry:EducationMinor,STE 403E,86169,3,W E Yu
STE,Fam/Community Centerd Programs,STE 425,88225,3,S Kim
SURG,Surgery Longitudinal ClerkshipRestriction: Instructor Approval,SURG 532,85668,5,S L Woodruff
SURG,Emergency Medical CareRestriction: Instructor Approval,SURG 541,85669,6,G A Suares
SURG,SURG Elec: UrologyRestriction: Major,SURG 545B,85670,1-18,S L Woodruff
SURG,SURG Elec: OphthalmologyRestriction: Instructor Approval,SURG 545C,85671,1-18,S L Woodruff
SURG,SURG Elec: OtolaryngologyRestriction: Instructor Approval,SURG 545D,85672,1-18,S L Woodruff
SURG,SURG Elec: Plastic SurgeryRestriction: Instructor Approval,SURG 545E,85673,1-18,S L Woodruff
SURG,SURG Elec: NeurosurgeryRestriction: Instructor Approval,SURG 545F,85674,1-18,S L Woodruff
SURG,SURG Elec: OrthopaedicsRestriction: Instructor Approval,SURG 545G,85675,1-18,S L Woodruff
SURG,SURG Elec: AnesthesiaRestriction: Instructor Approval,SURG 545H,85676,1-18,S L Woodruff
SURG,SURG Elec: Surg Intensive CareRestriction: Instructor Approval,SURG 545I,85677,1-18,S L Woodruff
SURG,SURG Elec: General Surg Sub-IRestriction: Instructor Approval,SURG 545J,85678,1-18,S L Woodruff
SURG,SURG Elec: Peds Surg Sub-IRestriction: Instructor Approval,SURG 545K,85679,1-18,S L Woodruff
SURG,SURG Elec: Diagnstic RadiologyRestriction: Instructor Approval,SURG 545M,85680,1-18,S L Woodruff
SURG,SURG Elec: Radiation OncologyRestriction: Instructor Approval,SURG 545N,85681,1-18,S L Woodruff
SURG,SURG Elec: Emergency Med Sub-IRestriction: Instructor Approval,SURG 545O,85682,1-18,G A Suares
SURG,SURG Elec: Extramural SurgRestriction: Instructor Approval,SURG 545P,85683,1-18,S L Woodruff
SURG,SURG Elec: Cardiovasculr Sub-IRestriction: Instructor Approval,SURG 545Q,85684,1-18,S L Woodruff
SURG,SURG Elec: Surgical ResearchRestriction: Instructor Approval,SURG 545R,85685,1-18,S L Woodruff
SURG,SURG Elec: Surgical AnatomyRestriction: Instructor Approval,SURG 545S,81067,3-6,S L Woodruff
SURG,SURG Elec: Preceptrshp in AsiaRestriction: Instructor Approval,SURG 545T,85686,1-18,S L Woodruff
SURG,SURG Elec: Biomed Tech DesignRestriction: Instructor Approval,SURG 545U,81942,3,S L Woodruff
SURG,SURG Elec: TransplantRestriction: Instructor Approval,SURG 545X,85687,3-18,S L Woodruff
SURG,SURG Elec: UltrasoundRestriction: Major,SURG 545Y,86727,3,G A Suares
SURG,SURG Elec: UltrasoundRestriction: Major,SURG 545Y,88501,3,TBA
SURG,SURG: LaparoscopicRestriction: Instructor Approval,SURG 545Z,85688,6,K M Murayama
SUST,Dynamic Earth,SUST 101,85778,3,T R Naumann
SUST,Dynamic Earth,SUST 101,85779,3,D E Eason
SUST,The Natural Environment,SUST 102,89468,3,D W Beilman
SUST,The Natural Environment,SUST 102,85783,3,B Lubura-Winchester
SUST,The Natural Environment Lab,SUST 102L,86618,1,K M Webster
SUST,The Natural Environment Lab,SUST 102L,86619,1,K M Webster
SUST,Intr Env Climate Change & Sust,SUST 112,83903,3,M Cooney
SUST,Intr Env Climate Change & Sust,SUST 112,85236,3,M Cooney
SUST,Intr Env Climate Change & Sust,SUST 112,85239,3,M Cooney
SUST,Intr Env Climate Change & Sust,SUST 112,85242,3,M Cooney
SUST,Intr. Env. Sci. & Sus. Lab,SUST 112L,85780,1,M Cooney
SUST,Sustainability Changing World,SUST 115,83812,3,A K Kealoha
SUST,Climate Change in Asia,SUST 121,89471,3,G H Bogart
SUST,Global Environmental History,SUST 157,86632,3,F S Zelko
SUST,Religion and the Environment,SUST 170,89357,3,C W Madrone
SUST,Historical Ecology of Hawai'i,SUST 204,89470,3,P V Kirch
SUST,Hawn Perspectives in Ahupua'a,SUST 217,83813,3,K J Elkington
SUST,Introduction to Sustainability,SUST 250,89358,3,A Kimura
SUST,Introduction to Planning,SUST 308,89469,3,S Raj
SUST,Introduction to Planning,SUST 308,89481,3,E French
SUST,Introduction to Planning,SUST 308,89486,3,TBA
SUST,Natural Resources Management,SUST 311,83814,3,A H Youkhana
SUST,Natural Resource & Env Policy,SUST 312,85784,3,P Keral
SUST,Environmental Ethics,SUST 316,89472,3,R S Dacks
SUST,"Race, Indigeneity, Environment",SUST 318,89473,3,R Moran
SUST,Environment & Agriculture,SUST 320,83882,3,H Valenzuela
SUST,Hawaii & the Pacific,SUST 321,85781,3,U Hasager
SUST,Global Environmental Politics,SUST 324,87958,3,C M Stephenson
SUST,Society and Environment,SUST 335,86616,3,C Loh
SUST,Inter-woven Structures,SUST 338,89475,3,M K Babcock
SUST,Land Tenure and Use in Hawaii,SUST 341,84285,3,U Hasager
SUST,Sustainability InternshipRestriction: Instructor Approval,SUST 394,88444,3,A Kimura
SUST,Sustainability InternshipRestriction: Instructor Approval,SUST 394,88176,3,A Kimura
SUST,Soil & Plant Health Management,SUST 410,83815,2,K Wang
SUST,Past Global Change & Human Era,SUST 413,89474,3,TBA
SUST,Nature-Based Tourism,SUST 415,89477,3,C Edmonds
SUST,Community and NRM,SUST 420,84396,3,P Keral
SUST,Sust Tourism Policies & Pract,SUST 421,87959,3,J Patoskie
SUST,"Agriculture, Food & Society",SUST 423,89476,3,K Suryanata
SUST,"Beaches, Reefs, Climate Change",SUST 427,89463,3,H H Kane
SUST,Princples of Envrn Mgmt Systms,SUST 442,89356,3,M Cooney
SUST,Natural Hist of Hawn Islands,SUST 450,83816,3,M L Knope
SUST,Natural Hist of Hawn Islands,SUST 450,86639,3,R C Thomson
SUST,Natural Hist of Hawn Islands,SUST 450,89403,3,C Daehler
SUST,Applied Forest Ecology,SUST 480,89479,3,T W Idol
SUST,Contemporary Art and Ecology,SUST 484,89480,3,J E Hamilton Faris
SUST,Environmental Problem SolvingRestriction: Instructor Approval,SUST 494,83817,3,A C Lowe Mackenzie
SUST,Sustainability CapstoneRestriction: Instructor Approval,SUST 495,85188,3,K A Loeb
SUST,Environmental Planning/Policy,SUST 620,84397,3,D C Milz
SUST,"Science & Science Curr, PK-12",SUST 623,85782,3,TBA
SUST,Coastal Geology,SUST 627,89464,3,H H Kane
SUST,Kanawai Lawai'a,SUST 652,87987,3,M K Akutagawa
SUST,Marine Renewable Energy,SUST 677,89478,3,Z Huang
SW,The Field of Social Work,SW 200,80690,3,TBA
SW,Gen Social Work Practice IIRestriction: Major,SW 303,85200,3,TBA
SW,Soc Welfare as a Social InstitRestriction: Major,SW 326,85202,3,TBA
SW,Human Behav & Social Enviro IIRestriction: Major,SW 361,85203,3,TBA
SW,Undergrad Field Education IRestriction: Major,SW 391,84572,3,TBA
SW,Gen Social Work Practice IVRestriction: Major,SW 403,85204,3,TBA
SW,Gen Social Work Practice IVRestriction: Major,SW 403,85205,3,TBA
SW,Ke A'o Mau: Learning Preserved(Ke Aʻo Mau: Learning Preserved)Restriction: Major,SW 471,88969,3,TBA
SW,Undergrad Field Education IIIRestriction: Major,SW 491,87693,4,TBA
SW,SW Practice w/Families & GrpsRestriction: Major,SW 607,85207,3,TBA
SW,SW Practice w/Families & GrpsRestriction: Major,SW 607,85208,3,TBA
SW,SW Prac: Community & OrgniztnsRestriction: Major,SW 631,81809,3,TBA
SW,SW Prac: Community & OrgniztnsRestriction: Major,SW 631,87773,3,TBA
SW,Res Designs & Analys: SW EvalRestriction: Major,SW 650,81155,3,TBA
SW,Res Designs & Analys: SW EvalRestriction: Major,SW 650,87776,3,TBA
SW,Human Behav in Soc Environ IIRestriction: Major,SW 660,80694,3,TBA
SW,Human Behav in Soc Environ IIRestriction: Major,SW 660,87777,3,TBA
SW,Treatment of Chem DependencyRestriction: Major,SW 663,86664,3,TBA
SW,Treatment of Chem DependencyRestriction: Major,SW 663,87815,3,TBA
SW,Topics in Social Welfare(Ke Aʻo Mau: Learning Preserved)Restriction: Major,SW 680,85616,3,TBA
SW,Topics in Social Welfare(Forensic Social Work)Restriction: Major,SW 680,87814,3,TBA
SW,Marriage and Family TherapyRestriction: Major,SW 682,89007,3,TBA
SW,Generalist Field Education IIRestriction: Major,SW 691,87780,3,TBA
SW,Generalist Field Education IIRestriction: Major,SW 691,84629,3,TBA
SW,Sem in SW Pract Child & FamRestriction: Major,SW 718,80702,3,TBA
SW,Sem in SW Pract in HealthRestriction: Major,SW 723,80703,3,TBA
SW,SW Practice in Mental HealthRestriction: Major,SW 725,85211,3,TBA
SW,SW Practice in Mental HealthRestriction: Major,SW 725,85212,3,TBA
SW,Sem in SW with Older AdultsRestriction: Major,SW 727,80704,3,TBA
SW,Review of Rsch in Social WorkRestriction: Major,SW 741,85213,3,TBA
SW,Specializatn Integration SemRestriction: Major,SW 755,89372,3,TBA
SW,Specialist Field Education IIRestriction: Major,SW 791,84571,1-5,TBA
SW,Specialist Field Education IIRestriction: Major,SW 791,84587,1-5,TBA
SW,Adv Soc Wel Policy Anlys & ChgRestriction: Major,SW 797,85214,3,TBA
SW,Adv Soc Wel Policy Anlys & ChgRestriction: Major,SW 797,85215,3,TBA
SW,Adv Soc Wel Policy Anlys & ChgRestriction: Major,SW 797,85216,3,TBA
TAHR,Introduction to Sustainability,TAHR 250,88980,3,A Kimura
THAI,Elementary Thai I,THAI 101,88222,3,C Shirakura
THAI,Elementary Thai I,THAI 101,89375,3,C Shirakura
THAI,Intermediate Thai I,THAI 201,88771,3,C Shirakura
THAI,Intermediate Thai I,THAI 201,89376,3,C Shirakura
THEA,Intr Stg Scr New Media Writing,THEA 100,87279,3,E C Svaton
THEA,Intr Stg Scr New Media Writing,THEA 100,87280,3,E C Svaton
THEA,Intro to World Drama & Theatre,THEA 101,85332,3,M L Massengill
THEA,Intro to World Drama & Theatre,THEA 101,84563,3,M L Massengill
THEA,Intro to World Drama & Theatre,THEA 101,84562,3,M L Massengill
THEA,Live on Stage,THEA 152,85309,3,K Pauka
THEA,Live on Stage,THEA 152,86808,3,E V Mante
THEA,Live on Stage,THEA 152,87834,3,J M Branner
THEA,Beg Prac: Stagecraft,THEA 200C,82441,1,P Johnston
THEA,Beg Prac: Costume,THEA 200D,82442,1,H K Schauer
THEA,Beg Prac: Perf Arts Mgt,THEA 200E,83088,1,TBA
THEA,Intro Acting Stage Screen,THEA 221,83857,3,E V Mante
THEA,Intro Acting Stage Screen,THEA 221,85330,3,J G Romans
THEA,Intro Acting Stage Screen,THEA 221,85331,3,D Crellin
THEA,Intro Acting Stage Screen,THEA 221,82304,3,E G Ziel
THEA,Intro Acting Stage Screen,THEA 221,88531,3,R D Morris
THEA,Intro to Stage Production,THEA 240,85308,3,J P Fragiao
THEA,Acting II: Adv Scene Study,THEA 322,89123,3,D Crellin
THEA,Advanced Film/TV Acting,THEA 324,84277,3,J V Tavares
THEA,Thea Prod: Scenic Painting,THEA 343D,88511,3,M A Bisbee
THEA,Beg. Lighting Design,THEA 345,88512,3,P Johnston
THEA,Intro to Costume Construction,THEA 354,88513,4,J M Speetjens
THEA,Beg. Costume Design,THEA 356,88514,3,J M Speetjens
THEA,Movement Improvisation,THEA 370,87282,3,P Kao
THEA,Adv Prac: Performance,THEA 400B,82443,1-3,J V Tavares
THEA,Adv Prac: Stagecraft,THEA 400C,82445,1-3,P Johnston
THEA,Adv Prac: Costume,THEA 400D,82446,1-3,H K Schauer
THEA,Adv Prac: Perf Arts Mgt,THEA 400E,82447,1-3,TBA
THEA,Adv Prac: Dir Dram SM ChorRestriction: Major,THEA 400F,88203,1-3,J M Speetjens
THEA,World Theatre: Modern,THEA 412,88519,3,M V Huynh
THEA,Inter Voice for Actor:Hawaiian,THEA 420D,88743,3,T K Lopes
THEA,Chinese Acting Workshop(Jingju Stage Combat)Restriction: Major,THEA 427,88520,1-3,Q Zhang
THEA,Stage Management,THEA 447,88250,3,E E Breitenbach
THEA,Giant Puppetry,THEA 477,88521,3,J M Branner
THEA,Experimental Theatre Studio,THEA 490,88530,3,T K Lopes
THEA,Sem in Major Theatre Theory,THEA 611,88532,3,M Wessendorf
THEA,Great Roles in Acting,THEA 621,88533,3,J V Tavares
THEA,Adv Topics in PerfRestriction: Major,THEA 626,85070,3,J E Togawa
THEA,Historic Costume and Decor,THEA 641,88534,3,J M Speetjens
THEA,Prof Advance in DesignRestriction: Major,THEA 650,85029,1,P Johnston
THEA,Scenic II: Inter Scene Design,THEA 652,88535,3,M A Bisbee
THEA,Adv. Scenic Design,THEA 653,88536,3,M A Bisbee
THEA,Asian Thtre; Modrn Asian Drama,THEA 663D,88537,3,J A Iezzi
THEA,Adv Topics Perf in Hawai'i,THEA 668,86292,3,T R Baker
THEA,Intrdscplnry CollaborationsRestriction: Major,THEA 674,88619,3,P Kao
THEA,Graduate Theatre WorkshopRestriction: Major,THEA 690,83995,1-6,J M Speetjens
THEA,Graduate Theatre WorkshopRestriction: Major,THEA 690,84086,1-6,M A Bisbee
THEA,Graduate Theatre WorkshopRestriction: Major,THEA 690,82456,1-6,J A Iezzi
THEA,Graduate Theatre WorkshopRestriction: Major,THEA 690,83306,1-6,T R Baker
THEA,Graduate Theatre WorkshopRestriction: Major,THEA 690,89379,1-6,J V Tavares
THEA,Practicum in TeachingRestriction: Major,THEA 692,86093,1-3,J A Iezzi
THEA,Creative ProjectsRestriction: Major,THEA 695,80731,1-6,J A Iezzi
THEA,Creative ProjectsRestriction: Major,THEA 695,86894,1-6,T R Baker
THEA,Sem Hawaiian & Indigenous Perf,THEA 768,88538,3,T R Baker
TIM,Internship I,TIM 100,80738,2,B Y Fujinaka
TIM,Internship I,TIM 100,86668,2,B Y Fujinaka
TIM,Intro to Travel Industry Mgt,TIM 101,83710,3,J Patoskie
TIM,Intro to Travel Industry Mgt,TIM 101,86177,3,J Patoskie
TIM,Intro to Travel Industry Mgt,TIM 101,89250,3,C K Sakamoto
TIM,Food and World Cultures,TIM 102,83126,3,Y Xu
TIM,Food and World Cultures,TIM 102,87758,3,R J Moore
TIM,Internship IIRestriction: Major,TIM 200,88140,1-2,B Y Fujinaka
TIM,Internship IIIRestriction: Major,TIM 300,88142,1-2,B Y Fujinaka
TIM,Legal Environmnt of Travel IndRestriction: Major,TIM 301,80739,3,W F Fong
TIM,Information Systems TechnologyRestriction: Major,TIM 302,87763,3,A W Swift
TIM,Information Systems TechnologyRestriction: Major,TIM 302,89239,3,H Wen
TIM,Mgmt of Service EnterprisesRestriction: Major,TIM 303,81257,3,L Shulga
TIM,Principles of Travel Ind MktgRestriction: Major,TIM 304,80740,3,I Y Lin
TIM,Financial Mgt of Travel IndRestriction: Major,TIM 305,85272,3,X Mao-Clark
TIM,Human Resource Mgmt: Trav IndRestriction: Major,TIM 306,85273,3,L Shulga
TIM,Foodservice ManagementRestriction: Major,TIM 313,80975,3,J Agrusa
TIM,Hotel ManagementRestriction: Major,TIM 314,85274,3,J Agrusa
TIM,Sociocultural Issues in ToursmRestriction: Major,TIM 321,82503,3,A Berbekova
TIM,Geography of Global Tourism,TIM 324,85607,3,D M Spencer
TIM,Hotel/Resort Facilties & DesgnRestriction: Major,TIM 333,86304,3,M Anzellini Garcia-Reyes
TIM,Intro to Tourism TransportatnRestriction: Major,TIM 350,89258,3,J Chi
TIM,Air Transportation ManagementRestriction: Major,TIM 353,89255,3,J Chi
TIM,Surface Trans MgmtRestriction: Major,TIM 354,89259,3,X Li
TIM,TIM Topics: Mgmt Cultrl ValuesRestriction: Major,TIM 369E,83553,3,M L Ponce
TIM,Executive InternshipRestriction: Major,TIM 400B,88141,2,B Y Fujinaka
TIM,Community Service InternshipRestriction: Major,TIM 400C,88143,2,B Y Fujinaka
TIM,"Resort, Spa and Wellness Mgmt",TIM 401,87755,3,I Y Lin
TIM,Sust Tourism Policies & PractRestriction: Major,TIM 420,87872,3,J Patoskie
TIM,Destination Development & MktgRestriction: Major,TIM 425,82719,3,A Berbekova
TIM,Strat Mgt for Trav/Hosp IndstrRestriction: Department Approval,TIM 431,80741,3,X Mao-Clark
TIM,Strat Mgt for Trav/Hosp IndstrRestriction: Department Approval,TIM 431,87762,3,J Patoskie
TIM,Adv Topics: TransportationRestriction: Major,TIM 442,87761,3,X Li
TIM,Princples of Envrn Mgmt Systms,TIM 462,89373,3,M Cooney
TIM,Adv Meetngs & Conventions MgmtRestriction: Major,TIM 469N,86178,3,A R Rease
TIM,"Info Tech in Hosp, Tour, TransRestriction: Major",TIM 603,85474,3,H Wen
TIM,Hospitality ManagementRestriction: Major,TIM 605,81617,3,Y Xu
TONG,Beginning Tongan,TONG 102,88772,4,A M Pasi
TPSS,"Herbs, Spices & Flavoring",TPSS 120C,88872,1,T I Kroessig
TPSS,Tropical Production Systems,TPSS 300,80742,4,K D Kobayashi
TPSS,Farm & Food Marketing,TPSS 322,89307,3,TBA
TPSS,Enterprise Management,TPSS 351,84432,3,M B Johnson
TPSS,Landscape Architecture HistoryRestriction: Major,TPSS 352,83967,3,A J Kaufman
TPSS,Soil & Plant Health Management,TPSS 410,84075,2,K Wang
TPSS,Plant Propagation,TPSS 420,81810,3,O C Baldos
TPSS,Tropical Seed Science,TPSS 421,88873,3,O C Baldos
TPSS,The Biology of Fungi,TPSS 432,89056,3,A S Amend
TPSS,The Biology of Fungi Lab,TPSS 432L,89057,1,A S Amend
TPSS,Applied UAS Ops for Agr & EnvrRestriction: College,TPSS 437,88876,3,D M Jenkins
TPSS,Nutrient Mgmt in Ag Ecosystems,TPSS 450,88884,4,T M Maaz
TPSS,Soil Plant Environment,TPSS 460,87898,3,J Yan
TPSS,Plant Physiology,TPSS 470,82192,3,R E Paull
TPSS,Plant Physiology Laboratory,TPSS 470L,82464,1,R E Paull
TPSS,Plants in Design,TPSS 484,88921,3,A J Kaufman
TPSS,Internship ExperienceRestriction: Major,TPSS 492L,82980,3,T D Amore
TPSS,Molecular Genetics of Crops,TPSS 614,88874,3,M Muszynski
TPSS,Advanced Soil Chemistry,TPSS 640,89418,3,N V Hue
TPSS,Soil Plant Nutrient Relations,TPSS 650,88882,4,T M Maaz
TPSS,Orchidology,TPSS 664,88875,3,T D Amore
TPSS,Graduate Seminar,TPSS 667,80747,1,N Nguyen
TPSS,Masters Project,TPSS 695,86743,3,K W Leonhardt
TPSS,Special Topics(Mentored scientific communications),TPSS 711,85490,1,K D Kobayashi
TPSS,Special Topics,TPSS 711,89523,1,N K Lincoln
TRMD,Principles Med Parasitology,TRMD 431,82175,2,J K McMillan
TRMD,Training in Biosciences ResRestriction: Major,TRMD 440,86053,3,A U Sy
TRMD,Training in Biosciences ResRestriction: Major,TRMD 440,86849,3,V Nerurkar
TRMD,One Health SeminarRestriction: Instructor Approval,TRMD 490,86588,2,M C Medeiros
TRMD,One Health Elective,TRMD 546,87951,3,S P Chang
TRMD,One Health Elective,TRMD 546,87952,3,S P Chang
TRMD,Tropical Medicine ElectiveRestriction: Major,TRMD 590,81965,1-2,K J Kramer
TRMD,Sel Topic: Infectious Diseases,TRMD 595B,86051,1,J K McMillan
TRMD,Trop Med Journal Club,TRMD 601,85030,1,W L Gosnell
TRMD,Infectious Disease Micro IIRestriction: Instructor Approval,TRMD 605,80749,3,W Wang
TRMD,Trop Med Lab Rotation,TRMD 606,81338,2-4,S P Chang
TRMD,Trop Med Lab Rotation,TRMD 606,82177,2-4,A A Yanagihara
TRMD,Trop Med Lab Rotation,TRMD 606,81339,2-4,J M Berestecky
TRMD,Trop Med Lab Rotation,TRMD 606,81340,2-4,G S Hui
TRMD,Trop Med Lab Rotation,TRMD 606,81344,2-4,P H Kaufusi
TRMD,Trop Med Lab Rotation,TRMD 606,81341,2-4,V Nerurkar
TRMD,Trop Med Lab Rotation,TRMD 606,84393,2-4,A T Lehrer
TRMD,Trop Med Lab Rotation,TRMD 606,82704,2-4,C M Shikuma
TRMD,Trop Med Lab Rotation,TRMD 606,81615,2-4,W Wang
TRMD,Trop Med Lab Rotation,TRMD 606,81967,2-4,L C Ndhlovu
TRMD,Trop Med Lab Rotation,TRMD 606,81342,2-4,S Verma
TRMD,Trop Med Lab Rotation,TRMD 606,81343,2-4,B T Shiramizu
TRMD,Infectious Disease Micro IIIRestriction: Instructor Approval,TRMD 608,81966,3,W L Gosnell
TRMD,Infection and Immunity,TRMD 610,89344,3,S Verma
TRMD,VaccinologyRestriction: Instructor Approval,TRMD 651,83940,2,A T Lehrer
TRMD,Advanced Medical Parasitology,TRMD 671,89421,2,J K McMillan
TRMD,Seminar in Tropical Med & PH,TRMD 690,80750,1,V Nerurkar
TRMD,Directed Research,TRMD 699,89420,1-12,A B To
TRMD,Special Topics in Tropical MedRestriction: Instructor Approval,TRMD 705,81802,1-3,W L Gosnell
TRMD,Special Topics in Tropical MedRestriction: Instructor Approval,TRMD 705,86622,3,J Park
UNIV,University Experience,UNIV 110,87895,1,K E Van Duser
UNIV,University Experience,UNIV 110,87896,1,K E Van Duser
UNIV,University Experience,UNIV 110,87897,1,K E Van Duser
UNIV,University Experience,UNIV 110,88411,1,K E Van Duser
UNIV,Academic & Career ExplorationRestriction: Instructor Approval,UNIV 132,85697,1,K M O'Brien
UNIV,Intro to Majors and UH ManoaRestriction: Major,UNIV 140,88546,1,A T Nguyen
UNIV,Topics in Learning,UNIV 199,85738,1-3,R G Woodruff
UNIV,Your Academic JourneyRestriction: Major,UNIV 240,87218,1,R A Pascua
UNIV,Academic Exploration/AdvisingRestriction: Major,UNIV 340,85219,3,E N Millett
UNIV,Collaborative LearningRestriction: Instructor Approval,UNIV 387,83969,3,A Q Pang
UNIV,Topics in Major/Career ExplRestriction: Major,UNIV 440,88545,3,M T Eng
VIET,Elementary Vietnamese II,VIET 102,85220,3,J T Tran
VIET,Elementary Vietnamese II,VIET 102,89136,3,M Nguyen
VIET,Intermediate Vietnamese II,VIET 202,85222,3,J T Tran
VIET,Intermediate Vietnamese II,VIET 202,89076,3,M T Nguyen
VIET,Third-Level Vietnamese,VIET 302,86296,3,J T Tran
WGSS,Introduction to LGBTQ+ Studies,WGSS 141,85379,3,C K Lasconia
WGSS,Intro to Women's Studies,WGSS 151,85378,3,H E Hyman
WGSS,Gend/Sex/Sexuality1500 to pres,WGSS 176,86006,3,S Kim
WGSS,Indigenous Women's Health,WGSS 306,88570,3,J B Lasky
WGSS,Gender and Sport,WGSS 330,85383,3,T L Kudlacek
WGSS,Sex Diffs in the Life Cycle,WGSS 350,85229,3,L M Vallin
WGSS,Sex Diffs in the Life Cycle,WGSS 350,85230,3,L M Vallin
WGSS,Sex Diffs in the Life Cycle,WGSS 350,86687,3,L M Vallin
WGSS,"Gender, Sexuality & Literature",WGSS 381,88571,3,H Gedikli
WGSS,Sexualities,WGSS 392,86295,3,L M Vallin
WGSS,"Gen, Sex, & Korean Pop Culture",WGSS 412,87551,3,S Lee
WGSS,Feminist Issues in Philosophy,WGSS 419,89489,3,K Maitra
WGSS,Feminist Theory,WGSS 439,85231,3,M Koikari
WGSS,Feminist Methods,WGSS 440,88572,3,S N Teves
WGSS,Queer Theory,WGSS 441,88583,3,S N Teves
WGSS,Gender Issues in Education,WGSS 453,88587,3,Q K Goo
WGSS,"Men, Masculinity, U.S. Culture",WGSS 456,88586,3,M Koikari
WGSS,Gender Issues in Asian Society,WGSS 463,87353,3,C Hwang
WGSS,Social Sciences InternshipRestriction: Instructor Approval,WGSS 489,85835,3-6,U Hasager
WGSS,Transnational Fem. Teach/Rsch,WGSS 602,88588,3,L Saraswati
WGSS,Faculty Seminar Series,WGSS 610,85232,1,S Lee
WGSS,Femnst Rsch & Mthds of Inquiry,WGSS 613,85226,3,K E Ferguson
WGSS,Writing & Publishing,WGSS 618,88590,3,L Saraswati
WGSS,Rsch Fem Studies: Capstone Exp,WGSS 650,85233,2,S Lee
ZOOL,Developmental Biology,ZOOL 420,82766,3,M Yoshizawa
ZOOL,Comparative Physiology,ZOOL 432,86676,3,J Walguarnery
ZOOL,Introduction to Neuroscience,ZOOL 442,83416,3,N G James
ZOOL,Avian Biology,ZOOL 460,88039,3,J Walguarnery
ZOOL,Intro to Statistical Modeling,ZOOL 631,88679,4,A J Rominger
ZOOL,Conservation Biology,ZOOL 690,88947,3,J B Koch
ZOOL,Topics in Biometry(Coding for Data Science in R)Restriction: Major,ZOOL 710,88040,3,M A Butler
ZOOL,Tpcs in Systematics & Evolutio(Macroevolution and Development: Evolution Evolving),ZOOL 719,89387,3,M A Butler
ZOOL,Topics in Conservation Biology,ZOOL 750,89508,2,M A Burgman
